invoice_line_no,date,store,name,address,city,zipcode,store_location,county_number,county,category,category_name,vendor_no,vendor_name,itemno,im_desc,pack,bottle_volume_ml,state_bottle_cost,state_bottle_retail,sale_bottles,sale_dollars,sale_liters,sale_gallons
INV-64851900006,2023-12-03T00:00:00.000,010053,JJ GAS AND FOOD / SPRINGVILLE,510 1ST AVENUE,SPRINGVILLE,52336,POINT (-91.445884961 42.053632979),,LINN,1012100,CANADIAN WHISKIES,421,SAZERAC COMPANY  INC,12860,RICH & RARE RESERVE,12,750,6.50,9.75,2,19.50,1.50,0.39
INV-64851900007,2023-12-03T00:00:00.000,010053,JJ GAS AND FOOD / SPRINGVILLE,510 1ST AVENUE,SPRINGVILLE,52336,POINT (-91.445884961 42.053632979),,LINN,1012400,IRISH WHISKIES,370,PERNOD RICARD USA,15626,JAMESON,12,750,17.49,26.24,1,26.24,0.75,0.19
INV-64851900008,2023-12-03T00:00:00.000,010053,JJ GAS AND FOOD / SPRINGVILLE,510 1ST AVENUE,SPRINGVILLE,52336,POINT (-91.445884961 42.053632979),,LINN,1011200,STRAIGHT BOURBON WHISKIES,259,HEAVEN HILL BRANDS,17957,EVAN WILLIAMS  BLACK,12,1000,9.50,14.25,12,171.00,12.00,3.17
INV-64851900009,2023-12-03T00:00:00.000,010053,JJ GAS AND FOOD / SPRINGVILLE,510 1ST AVENUE,SPRINGVILLE,52336,POINT (-91.445884961 42.053632979),,LINN,1011200,STRAIGHT BOURBON WHISKIES,065,JIM BEAM BRANDS,19061,JIM BEAM MINI,12,50,7.00,10.50,1,10.50,0.05,0.01
INV-64851900010,2023-12-03T00:00:00.000,010053,JJ GAS AND FOOD / SPRINGVILLE,510 1ST AVENUE,SPRINGVILLE,52336,POINT (-91.445884961 42.053632979),,LINN,1011200,STRAIGHT BOURBON WHISKIES,065,JIM BEAM BRANDS,19064,JIM BEAM,24,375,5.60,8.40,1,8.40,0.37,0.09
INV-64851900011,2023-12-03T00:00:00.000,010053,JJ GAS AND FOOD / SPRINGVILLE,510 1ST AVENUE,SPRINGVILLE,52336,POINT (-91.445884961 42.053632979),,LINN,1011200,STRAIGHT BOURBON WHISKIES,065,JIM BEAM BRANDS,19067,JIM BEAM,12,1000,13.00,19.50,12,234.00,12.00,3.17
INV-64851900012,2023-12-03T00:00:00.000,010053,JJ GAS AND FOOD / SPRINGVILLE,510 1ST AVENUE,SPRINGVILLE,52336,POINT (-91.445884961 42.053632979),,LINN,1011200,STRAIGHT BOURBON WHISKIES,421,SAZERAC COMPANY  INC,21236,1792 SMALL BATCH,6,750,16.00,24.00,2,48.00,1.50,0.39
INV-64851900013,2023-12-03T00:00:00.000,010053,JJ GAS AND FOOD / SPRINGVILLE,510 1ST AVENUE,SPRINGVILLE,52336,POINT (-91.445884961 42.053632979),,LINN,1701100,TEMPORARY & SPECIALTY PACKAGES,421,SAZERAC COMPANY  INC,21538,STAGG BOURBON,6,750,27.50,41.25,1,41.25,0.75,0.19
INV-64851900014,2023-12-03T00:00:00.000,010053,JJ GAS AND FOOD / SPRINGVILLE,510 1ST AVENUE,SPRINGVILLE,52336,POINT (-91.445884961 42.053632979),,LINN,1701100,TEMPORARY & SPECIALTY PACKAGES,492,WESTERN SPIRITS BEVERAGE,22513,BIRD DOG CANDY CANE,6,750,11.50,17.25,2,34.50,1.50,0.39
INV-64851900015,2023-12-03T00:00:00.000,010053,JJ GAS AND FOOD / SPRINGVILLE,510 1ST AVENUE,SPRINGVILLE,52336,POINT (-91.445884961 42.053632979),,LINN,1011100,BLENDED WHISKIES,079,BRECKENRIDGE DISTILLERY / DOUBLE DIAMOND DISTILLERY LLC,23056,BRECKENRIDGE BOURBON,6,750,24.49,36.74,1,36.74,0.75,0.19
INV-64851900016,2023-12-03T00:00:00.000,010053,JJ GAS AND FOOD / SPRINGVILLE,510 1ST AVENUE,SPRINGVILLE,52336,POINT (-91.445884961 42.053632979),,LINN,1011400,TENNESSEE WHISKIES,085,BROWN FORMAN CORP.,26826,JACK DANIELS OLD #7 BLACK LABEL,12,750,15.91,23.87,2,47.74,1.50,0.39
INV-64851900017,2023-12-03T00:00:00.000,010053,JJ GAS AND FOOD / SPRINGVILLE,510 1ST AVENUE,SPRINGVILLE,52336,POINT (-91.445884961 42.053632979),,LINN,1042100,IMPORTED DRY GINS,035,BACARDI USA INC,28236,BOMBAY SAPPHIRE GIN,12,750,14.49,21.74,2,43.48,1.50,0.39
INV-64851900018,2023-12-03T00:00:00.000,010053,JJ GAS AND FOOD / SPRINGVILLE,510 1ST AVENUE,SPRINGVILLE,52336,POINT (-91.445884961 42.053632979),,LINN,1032100,IMPORTED VODKAS,370,PERNOD RICARD USA,34006,ABSOLUT SWEDISH VODKA 80PRF,12,750,9.99,14.99,2,29.98,1.50,0.39
INV-64851900019,2023-12-03T00:00:00.000,010053,JJ GAS AND FOOD / SPRINGVILLE,510 1ST AVENUE,SPRINGVILLE,52336,POINT (-91.445884961 42.053632979),,LINN,1031100,AMERICAN VODKAS,297,LAIRD & COMPANY,35926,FIVE O'CLOCK VODKA PET,12,750,3.52,5.28,12,63.36,9.00,2.37
INV-64851900020,2023-12-03T00:00:00.000,010053,JJ GAS AND FOOD / SPRINGVILLE,510 1ST AVENUE,SPRINGVILLE,52336,POINT (-91.445884961 42.053632979),,LINN,1031100,AMERICAN VODKAS,434,LUXCO INC,36305,HAWKEYE VODKA PET,12,750,3.50,5.25,12,63.00,9.00,2.37
INV-64851900021,2023-12-03T00:00:00.000,010053,JJ GAS AND FOOD / SPRINGVILLE,510 1ST AVENUE,SPRINGVILLE,52336,POINT (-91.445884961 42.053632979),,LINN,1031100,AMERICAN VODKAS,205,E & J GALLO WINERY,36969,NEW AMSTERDAM 80PRF,12,750,8.00,12.00,12,144.00,9.00,2.37
INV-64851900022,2023-12-03T00:00:00.000,010053,JJ GAS AND FOOD / SPRINGVILLE,510 1ST AVENUE,SPRINGVILLE,52336,POINT (-91.445884961 42.053632979),,LINN,1031100,AMERICAN VODKAS,777,"BLUE OX SPIRITS, INC.",36989,BLUE OX VODKA PET,12,750,3.69,5.54,12,69.12,9.00,2.37
INV-64851900023,2023-12-03T00:00:00.000,010053,JJ GAS AND FOOD / SPRINGVILLE,510 1ST AVENUE,SPRINGVILLE,52336,POINT (-91.445884961 42.053632979),,LINN,1031100,AMERICAN VODKAS,380,PHILLIPS BEVERAGE,37338,UV VODKA PET,6,1750,11.50,17.25,6,103.50,10.50,2.77
INV-64851900024,2023-12-03T00:00:00.000,010053,JJ GAS AND FOOD / SPRINGVILLE,510 1ST AVENUE,SPRINGVILLE,52336,POINT (-91.445884961 42.053632979),,LINN,1031200,AMERICAN FLAVORED VODKA,305,MHW LTD,38810,WHITE CLAW PINEAPPLE VODKA,12,750,9.50,14.25,1,14.25,0.75,0.19
INV-64851900025,2023-12-03T00:00:00.000,010053,JJ GAS AND FOOD / SPRINGVILLE,510 1ST AVENUE,SPRINGVILLE,52336,POINT (-91.445884961 42.053632979),,LINN,1031200,AMERICAN FLAVORED VODKA,305,MHW LTD,38812,WHITE CLAW MANGO VODKA,12,750,9.50,14.25,1,14.25,0.75,0.19
INV-64851900026,2023-12-03T00:00:00.000,010053,JJ GAS AND FOOD / SPRINGVILLE,510 1ST AVENUE,SPRINGVILLE,52336,POINT (-91.445884961 42.053632979),,LINN,1031200,AMERICAN FLAVORED VODKA,305,MHW LTD,38814,WHITE CLAW BLACK CHERRY VODKA,12,750,9.50,14.25,1,14.25,0.75,0.19
INV-64851900027,2023-12-03T00:00:00.000,010053,JJ GAS AND FOOD / SPRINGVILLE,510 1ST AVENUE,SPRINGVILLE,52336,POINT (-91.445884961 42.053632979),,LINN,1062200,WHITE RUM,035,BACARDI USA INC,43126,BACARDI SUPERIOR,12,750,8.76,13.14,2,26.28,1.50,0.39
INV-64851900028,2023-12-03T00:00:00.000,010053,JJ GAS AND FOOD / SPRINGVILLE,510 1ST AVENUE,SPRINGVILLE,52336,POINT (-91.445884961 42.053632979),,LINN,1081600,WHISKEY LIQUEUR,421,SAZERAC COMPANY  INC,64864,FIREBALL CINNAMON WHISKEY,24,375,5.33,8.00,24,192.00,9.00,2.37
INV-64851900029,2023-12-03T00:00:00.000,010053,JJ GAS AND FOOD / SPRINGVILLE,510 1ST AVENUE,SPRINGVILLE,52336,POINT (-91.445884961 42.053632979),,LINN,1081600,WHISKEY LIQUEUR,421,SAZERAC COMPANY  INC,64870,FIREBALL CINNAMON WHISKEY,48,100,1.00,1.50,48,72.00,4.80,1.26
INV-64851900030,2023-12-03T00:00:00.000,010053,JJ GAS AND FOOD / SPRINGVILLE,510 1ST AVENUE,SPRINGVILLE,52336,POINT (-91.445884961 42.053632979),,LINN,1031200,AMERICAN FLAVORED VODKA,772,INTERCONTINENTAL PACKAGING COMPANY/PRESTIGE BEVERAGE GROUP,75198,KINKY BLUE,6,750,10.00,15.00,1,15.00,0.75,0.19
INV-64851900031,2023-12-03T00:00:00.000,010053,JJ GAS AND FOOD / SPRINGVILLE,510 1ST AVENUE,SPRINGVILLE,52336,POINT (-91.445884961 42.053632979),,LINN,1081300,AMERICAN CORDIALS & LIQUEURS,772,INTERCONTINENTAL PACKAGING COMPANY/PRESTIGE BEVERAGE GROUP,75212,KINKY BLUE MINI,6,50,4.84,7.26,1,7.26,0.05,0.01
INV-64851900032,2023-12-03T00:00:00.000,010053,JJ GAS AND FOOD / SPRINGVILLE,510 1ST AVENUE,SPRINGVILLE,52336,POINT (-91.445884961 42.053632979),,LINN,1031200,AMERICAN FLAVORED VODKA,772,INTERCONTINENTAL PACKAGING COMPANY/PRESTIGE BEVERAGE GROUP,75230,KINKY RED,6,750,10.00,15.00,1,15.00,0.75,0.19
INV-64851900033,2023-12-03T00:00:00.000,010053,JJ GAS AND FOOD / SPRINGVILLE,510 1ST AVENUE,SPRINGVILLE,52336,POINT (-91.445884961 42.053632979),,LINN,1091300,NEUTRAL GRAIN SPIRITS FLAVORED,346,OLE SMOKY DISTILLERY LLC,80365,OLE SMOKY WHITE CHOCOLATE STRAWBERRY CREAM,6,750,13.00,19.50,2,39.00,1.50,0.39
INV-64851900034,2023-12-03T00:00:00.000,010053,JJ GAS AND FOOD / SPRINGVILLE,510 1ST AVENUE,SPRINGVILLE,52336,POINT (-91.445884961 42.053632979),,LINN,1091300,NEUTRAL GRAIN SPIRITS FLAVORED,346,OLE SMOKY DISTILLERY LLC,80398,OLE SMOKY WHITE CHOCOLATE STRAWBERRY MOONSHINE MINI,8,50,8.75,13.13,1,13.13,0.05,0.01
INV-64851900035,2023-12-03T00:00:00.000,010053,JJ GAS AND FOOD / SPRINGVILLE,510 1ST AVENUE,SPRINGVILLE,52336,POINT (-91.445884961 42.053632979),,LINN,1701100,TEMPORARY & SPECIALTY PACKAGES,346,OLE SMOKY DISTILLERY LLC,86715,OLE SMOKY SHINE NOG MOONSHINE,6,750,13.00,19.50,1,19.50,0.75,0.19
INV-64851900036,2023-12-03T00:00:00.000,010053,JJ GAS AND FOOD / SPRINGVILLE,510 1ST AVENUE,SPRINGVILLE,52336,POINT (-91.445884961 42.053632979),,LINN,1091300,NEUTRAL GRAIN SPIRITS FLAVORED,346,OLE SMOKY DISTILLERY LLC,86843,OLE SMOKY SALTY CARAMEL WHISKEY,6,750,11.00,16.50,1,16.50,0.75,0.19
INV-64851900037,2023-12-03T00:00:00.000,010053,JJ GAS AND FOOD / SPRINGVILLE,510 1ST AVENUE,SPRINGVILLE,52336,POINT (-91.445884961 42.053632979),,LINN,1011400,TENNESSEE WHISKIES,346,OLE SMOKY DISTILLERY LLC,86980,OLE SMOKY PECAN WHISKEY,6,750,11.00,16.50,1,16.50,0.75,0.19
INV-64851900038,2023-12-03T00:00:00.000,010053,JJ GAS AND FOOD / SPRINGVILLE,510 1ST AVENUE,SPRINGVILLE,52336,POINT (-91.445884961 42.053632979),,LINN,1022100,MIXTO TEQUILA,395,PROXIMO,87408,JOSE CUERVO ESPECIAL SILVER,12,750,12.00,18.00,1,18.00,0.75,0.19
INV-64851900039,2023-12-03T00:00:00.000,010053,JJ GAS AND FOOD / SPRINGVILLE,510 1ST AVENUE,SPRINGVILLE,52336,POINT (-91.445884961 42.053632979),,LINN,1022100,MIXTO TEQUILA,395,PROXIMO,89196,JOSE CUERVO ESPECIAL REPOSADO,12,750,12.00,18.00,2,36.00,1.50,0.39
INV-64851900040,2023-12-03T00:00:00.000,010053,JJ GAS AND FOOD / SPRINGVILLE,510 1ST AVENUE,SPRINGVILLE,52336,POINT (-91.445884961 42.053632979),,LINN,1011400,TENNESSEE WHISKIES,346,OLE SMOKY DISTILLERY LLC,987003,SOOH OLE SMOKY CINNAMON WHISKEY,6,750,11.00,16.50,2,33.00,1.50,0.39
INV-64852000001,2023-12-03T00:00:00.000,5236,"GIGGLE JUICE LIQUOR STATION, LLC",600 W. MAIN ST.,ANAMOSA,52205,POINT (-91.290921006 42.108513993),,JONES,1701100,TEMPORARY & SPECIALTY PACKAGES,439,WORLD TRADE LIQUOR IMPORTS LLC,102011,NUMBER JUAN 375 2PK BLANCO/REPOSADO,6,375,35.00,52.50,1,52.50,0.37,0.09
INV-64852000002,2023-12-03T00:00:00.000,5236,"GIGGLE JUICE LIQUOR STATION, LLC",600 W. MAIN ST.,ANAMOSA,52205,POINT (-91.290921006 42.108513993),,JONES,1031100,AMERICAN VODKAS,421,SAZERAC COMPANY  INC,102149,FROST TRAIL VODKA MINI,12,50,3.93,5.90,12,70.80,0.60,0.15
INV-64852000003,2023-12-03T00:00:00.000,5236,"GIGGLE JUICE LIQUOR STATION, LLC",600 W. MAIN ST.,ANAMOSA,52205,POINT (-91.290921006 42.108513993),,JONES,1012100,CANADIAN WHISKIES,259,HEAVEN HILL BRANDS,10550,BLACK VELVET TOASTED CARAMEL,12,750,5.74,8.61,12,103.32,9.00,2.37
INV-64852000004,2023-12-03T00:00:00.000,5236,"GIGGLE JUICE LIQUOR STATION, LLC",600 W. MAIN ST.,ANAMOSA,52205,POINT (-91.290921006 42.108513993),,JONES,1012100,CANADIAN WHISKIES,065,JIM BEAM BRANDS,10628,CANADIAN CLUB WHISKY,6,1750,14.50,21.75,6,130.50,10.50,2.77
INV-64852000005,2023-12-03T00:00:00.000,5236,"GIGGLE JUICE LIQUOR STATION, LLC",600 W. MAIN ST.,ANAMOSA,52205,POINT (-91.290921006 42.108513993),,JONES,1012100,CANADIAN WHISKIES,260,DIAGEO AMERICAS,10777,CROWN ROYAL PEACH,12,1000,20.49,30.74,12,368.88,12.00,3.17
INV-64852000006,2023-12-03T00:00:00.000,5236,"GIGGLE JUICE LIQUOR STATION, LLC",600 W. MAIN ST.,ANAMOSA,52205,POINT (-91.290921006 42.108513993),,JONES,1012100,CANADIAN WHISKIES,260,DIAGEO AMERICAS,10805,CROWN ROYAL REGAL APPLE,24,375,8.49,12.74,2,25.48,0.75,0.19
INV-64852000007,2023-12-03T00:00:00.000,5236,"GIGGLE JUICE LIQUOR STATION, LLC",600 W. MAIN ST.,ANAMOSA,52205,POINT (-91.290921006 42.108513993),,JONES,1012100,CANADIAN WHISKIES,260,DIAGEO AMERICAS,10808,CROWN ROYAL REGAL APPLE,12,1000,20.49,30.74,12,368.88,12.00,3.17
INV-64852000008,2023-12-03T00:00:00.000,5236,"GIGGLE JUICE LIQUOR STATION, LLC",600 W. MAIN ST.,ANAMOSA,52205,POINT (-91.290921006 42.108513993),,JONES,1012100,CANADIAN WHISKIES,260,DIAGEO AMERICAS,11294,CROWN ROYAL,24,375,8.49,12.74,1,12.74,0.37,0.09
INV-64852000009,2023-12-03T00:00:00.000,5236,"GIGGLE JUICE LIQUOR STATION, LLC",600 W. MAIN ST.,ANAMOSA,52205,POINT (-91.290921006 42.108513993),,JONES,1012100,CANADIAN WHISKIES,260,DIAGEO AMERICAS,11297,CROWN ROYAL,12,1000,20.49,30.74,12,368.88,12.00,3.17
INV-64852000010,2023-12-03T00:00:00.000,5236,"GIGGLE JUICE LIQUOR STATION, LLC",600 W. MAIN ST.,ANAMOSA,52205,POINT (-91.290921006 42.108513993),,JONES,1012100,CANADIAN WHISKIES,259,HEAVEN HILL BRANDS,11777,BLACK VELVET,12,1000,7.00,10.50,24,252.00,24.00,6.34
INV-64852000011,2023-12-03T00:00:00.000,5236,"GIGGLE JUICE LIQUOR STATION, LLC",600 W. MAIN ST.,ANAMOSA,52205,POINT (-91.290921006 42.108513993),,JONES,1012400,IRISH WHISKIES,370,PERNOD RICARD USA,15627,JAMESON,12,1000,20.98,31.47,12,377.64,12.00,3.17
INV-64852000012,2023-12-03T00:00:00.000,5236,"GIGGLE JUICE LIQUOR STATION, LLC",600 W. MAIN ST.,ANAMOSA,52205,POINT (-91.290921006 42.108513993),,JONES,1011500,BOTTLED IN BOND BOURBON,125,CEDAR RIDGE VINEYARDS LL,16050,CEDAR RIDGE BOTTLED IN BOND BOURBON,6,750,25.00,37.50,2,75.00,1.50,0.39
INV-64852000013,2023-12-03T00:00:00.000,5236,"GIGGLE JUICE LIQUOR STATION, LLC",600 W. MAIN ST.,ANAMOSA,52205,POINT (-91.290921006 42.108513993),,JONES,1011200,STRAIGHT BOURBON WHISKIES,125,CEDAR RIDGE VINEYARDS LL,17207,CEDAR RIDGE BARREL PROOF,6,750,23.00,34.50,2,69.00,1.50,0.39
INV-64852000014,2023-12-03T00:00:00.000,5236,"GIGGLE JUICE LIQUOR STATION, LLC",600 W. MAIN ST.,ANAMOSA,52205,POINT (-91.290921006 42.108513993),,JONES,1011200,STRAIGHT BOURBON WHISKIES,259,HEAVEN HILL BRANDS,17916,ELIJAH CRAIG,12,750,17.52,26.28,2,52.56,1.50,0.39
INV-64852000015,2023-12-03T00:00:00.000,5236,"GIGGLE JUICE LIQUOR STATION, LLC",600 W. MAIN ST.,ANAMOSA,52205,POINT (-91.290921006 42.108513993),,JONES,1011200,STRAIGHT BOURBON WHISKIES,065,JIM BEAM BRANDS,19067,JIM BEAM,12,1000,13.00,19.50,12,234.00,12.00,3.17
INV-64852000016,2023-12-03T00:00:00.000,5236,"GIGGLE JUICE LIQUOR STATION, LLC",600 W. MAIN ST.,ANAMOSA,52205,POINT (-91.290921006 42.108513993),,JONES,1011200,STRAIGHT BOURBON WHISKIES,434,LUXCO INC,21068,PENELOPE FOUR GRAIN STRAIGHT BOURBON,6,750,20.00,30.00,1,30.00,0.75,0.19
INV-64852000017,2023-12-03T00:00:00.000,5236,"GIGGLE JUICE LIQUOR STATION, LLC",600 W. MAIN ST.,ANAMOSA,52205,POINT (-91.290921006 42.108513993),,JONES,1011600,STRAIGHT RYE WHISKIES,125,CEDAR RIDGE VINEYARDS LL,25079,CEDAR RIDGE PORT CASK FINISHED STRAIGHT RYE WHISKEY,6,750,29.84,44.76,2,89.52,1.50,0.39
INV-64852000018,2023-12-03T00:00:00.000,5236,"GIGGLE JUICE LIQUOR STATION, LLC",600 W. MAIN ST.,ANAMOSA,52205,POINT (-91.290921006 42.108513993),,JONES,1011100,BLENDED WHISKIES,260,DIAGEO AMERICAS,25607,SEAGRAMS 7 CROWN,12,1000,8.49,12.74,12,152.88,12.00,3.17
INV-64852000019,2023-12-03T00:00:00.000,5236,"GIGGLE JUICE LIQUOR STATION, LLC",600 W. MAIN ST.,ANAMOSA,52205,POINT (-91.290921006 42.108513993),,JONES,1011400,TENNESSEE WHISKIES,260,DIAGEO AMERICAS,26656,GEORGE DICKEL #12,12,750,14.49,21.74,2,43.48,1.50,0.39
INV-64852000020,2023-12-03T00:00:00.000,5236,"GIGGLE JUICE LIQUOR STATION, LLC",600 W. MAIN ST.,ANAMOSA,52205,POINT (-91.290921006 42.108513993),,JONES,1011100,BLENDED WHISKIES,125,CEDAR RIDGE VINEYARDS LL,26710,SLIPKNOT IOWA WHISKEY NO. 9,6,750,21.33,32.00,1,32.00,0.75,0.19
INV-64852000021,2023-12-03T00:00:00.000,5236,"GIGGLE JUICE LIQUOR STATION, LLC",600 W. MAIN ST.,ANAMOSA,52205,POINT (-91.290921006 42.108513993),,JONES,1011400,TENNESSEE WHISKIES,085,BROWN FORMAN CORP.,26826,JACK DANIELS OLD #7 BLACK LABEL,12,750,15.91,23.87,2,47.74,1.50,0.39
INV-64852000022,2023-12-03T00:00:00.000,5236,"GIGGLE JUICE LIQUOR STATION, LLC",600 W. MAIN ST.,ANAMOSA,52205,POINT (-91.290921006 42.108513993),,JONES,1011400,TENNESSEE WHISKIES,085,BROWN FORMAN CORP.,26827,JACK DANIELS OLD #7 BLACK LABEL,12,1000,20.27,30.41,12,364.92,12.00,3.17
INV-64852000023,2023-12-03T00:00:00.000,5236,"GIGGLE JUICE LIQUOR STATION, LLC",600 W. MAIN ST.,ANAMOSA,52205,POINT (-91.290921006 42.108513993),,JONES,1011200,STRAIGHT BOURBON WHISKIES,065,JIM BEAM BRANDS,27410,JIM BEAM HONEY,12,750,11.00,16.50,1,16.50,0.75,0.19
INV-64852000024,2023-12-03T00:00:00.000,5236,"GIGGLE JUICE LIQUOR STATION, LLC",600 W. MAIN ST.,ANAMOSA,52205,POINT (-91.290921006 42.108513993),,JONES,1041100,AMERICAN DRY GINS,370,PERNOD RICARD USA,32237,SEAGRAMS EXTRA DRY GIN,12,1000,8.99,13.49,2,26.98,2.00,0.52
INV-64852000025,2023-12-03T00:00:00.000,5236,"GIGGLE JUICE LIQUOR STATION, LLC",600 W. MAIN ST.,ANAMOSA,52205,POINT (-91.290921006 42.108513993),,JONES,1032100,IMPORTED VODKAS,370,PERNOD RICARD USA,34001,ABSOLUT SWEDISH VODKA 80PRF MINI,10,50,7.92,11.88,1,11.88,0.05,0.01
INV-64852000026,2023-12-03T00:00:00.000,5236,"GIGGLE JUICE LIQUOR STATION, LLC",600 W. MAIN ST.,ANAMOSA,52205,POINT (-91.290921006 42.108513993),,JONES,1032100,IMPORTED VODKAS,370,PERNOD RICARD USA,34008,ABSOLUT SWEDISH VODKA 80PRF,6,1750,19.99,29.99,3,89.97,5.25,1.38
INV-64852000027,2023-12-03T00:00:00.000,5236,"GIGGLE JUICE LIQUOR STATION, LLC",600 W. MAIN ST.,ANAMOSA,52205,POINT (-91.290921006 42.108513993),,JONES,1032200,IMPORTED FLAVORED VODKA,370,PERNOD RICARD USA,34051,ABSOLUT RASPBERRI,12,1000,14.99,22.49,1,22.49,1.00,0.26
INV-64852000028,2023-12-03T00:00:00.000,5236,"GIGGLE JUICE LIQUOR STATION, LLC",600 W. MAIN ST.,ANAMOSA,52205,POINT (-91.290921006 42.108513993),,JONES,1032100,IMPORTED VODKAS,260,DIAGEO AMERICAS,34457,KETEL ONE,12,1000,15.16,22.74,12,272.88,12.00,3.17
INV-64852000029,2023-12-03T00:00:00.000,5236,"GIGGLE JUICE LIQUOR STATION, LLC",600 W. MAIN ST.,ANAMOSA,52205,POINT (-91.290921006 42.108513993),,JONES,1032200,IMPORTED FLAVORED VODKA,395,PROXIMO,34972,THREE OLIVES CHERRY,12,750,9.96,14.94,1,14.94,0.75,0.19
INV-64852000030,2023-12-03T00:00:00.000,5236,"GIGGLE JUICE LIQUOR STATION, LLC",600 W. MAIN ST.,ANAMOSA,52205,POINT (-91.290921006 42.108513993),,JONES,1031100,AMERICAN VODKAS,297,LAIRD & COMPANY,35918,FIVE O'CLOCK VODKA,6,1750,7.72,11.58,6,69.48,10.50,2.77
INV-64852000031,2023-12-03T00:00:00.000,5236,"GIGGLE JUICE LIQUOR STATION, LLC",600 W. MAIN ST.,ANAMOSA,52205,POINT (-91.290921006 42.108513993),,JONES,1031100,AMERICAN VODKAS,260,DIAGEO AMERICAS,36186,GORDONS 80PRF VODKA,12,750,5.26,7.89,12,94.68,9.00,2.37
INV-64852000032,2023-12-03T00:00:00.000,5236,"GIGGLE JUICE LIQUOR STATION, LLC",600 W. MAIN ST.,ANAMOSA,52205,POINT (-91.290921006 42.108513993),,JONES,1031100,AMERICAN VODKAS,434,LUXCO INC,36306,HAWKEYE VODKA,12,750,3.50,5.25,12,63.00,9.00,2.37
INV-64852000033,2023-12-03T00:00:00.000,5236,"GIGGLE JUICE LIQUOR STATION, LLC",600 W. MAIN ST.,ANAMOSA,52205,POINT (-91.290921006 42.108513993),,JONES,1031100,AMERICAN VODKAS,205,E & J GALLO WINERY,36970,NEW AMSTERDAM 80PRF,12,1000,8.00,12.00,2,24.00,2.00,0.52
INV-64852000034,2023-12-03T00:00:00.000,5236,"GIGGLE JUICE LIQUOR STATION, LLC",600 W. MAIN ST.,ANAMOSA,52205,POINT (-91.290921006 42.108513993),,JONES,1031100,AMERICAN VODKAS,566,"FOUNDRY DISTILLING COMPANY, LLC",37095,BUTCHERS BLOCK VODKA,12,750,8.43,12.65,4,50.60,3.00,0.79
INV-64852000035,2023-12-03T00:00:00.000,5236,"GIGGLE JUICE LIQUOR STATION, LLC",600 W. MAIN ST.,ANAMOSA,52205,POINT (-91.290921006 42.108513993),,JONES,1031100,AMERICAN VODKAS,421,SAZERAC COMPANY  INC,37417,POPOV 80PRF,12,1000,5.68,8.52,12,102.24,12.00,3.17
INV-64852000036,2023-12-03T00:00:00.000,5236,"GIGGLE JUICE LIQUOR STATION, LLC",600 W. MAIN ST.,ANAMOSA,52205,POINT (-91.290921006 42.108513993),,JONES,1031100,AMERICAN VODKAS,421,SAZERAC COMPANY  INC,37495,BARTON NATURALS VODKA,24,375,1.72,2.58,72,185.76,27.00,7.13
INV-64852000037,2023-12-03T00:00:00.000,5236,"GIGGLE JUICE LIQUOR STATION, LLC",600 W. MAIN ST.,ANAMOSA,52205,POINT (-91.290921006 42.108513993),,JONES,1031100,AMERICAN VODKAS,421,SAZERAC COMPANY  INC,38088,PLATINUM 7X VODKA,6,1750,9.44,14.16,6,84.96,10.50,2.77
INV-64852000038,2023-12-03T00:00:00.000,5236,"GIGGLE JUICE LIQUOR STATION, LLC",600 W. MAIN ST.,ANAMOSA,52205,POINT (-91.290921006 42.108513993),,JONES,1031100,AMERICAN VODKAS,301,FIFTH GENERATION INC,38194,TITOS HANDMADE VODKA MINI,5,50,12.80,19.20,1,19.20,0.05,0.01
INV-64852000039,2023-12-03T00:00:00.000,5236,"GIGGLE JUICE LIQUOR STATION, LLC",600 W. MAIN ST.,ANAMOSA,52205,POINT (-91.290921006 42.108513993),,JONES,1031200,AMERICAN FLAVORED VODKA,205,E & J GALLO WINERY,39280,NEW AMSTERDAM PASSION FRUIT FLAVORED VODKA MINI,10,50,5.54,8.31,10,83.10,0.50,0.13
INV-64852000040,2023-12-03T00:00:00.000,5236,"GIGGLE JUICE LIQUOR STATION, LLC",600 W. MAIN ST.,ANAMOSA,52205,POINT (-91.290921006 42.108513993),,JONES,1031200,AMERICAN FLAVORED VODKA,259,HEAVEN HILL BRANDS,40053,DEEP EDDY LEMON,12,750,9.50,14.25,2,28.50,1.50,0.39
INV-64852000041,2023-12-03T00:00:00.000,5236,"GIGGLE JUICE LIQUOR STATION, LLC",600 W. MAIN ST.,ANAMOSA,52205,POINT (-91.290921006 42.108513993),,JONES,1031200,AMERICAN FLAVORED VODKA,300,MCCORMICK DISTILLING CO.,41019,360 DOUBLE CHOCOLATE,12,750,8.49,12.74,2,25.48,1.50,0.39
INV-64852000042,2023-12-03T00:00:00.000,5236,"GIGGLE JUICE LIQUOR STATION, LLC",600 W. MAIN ST.,ANAMOSA,52205,POINT (-91.290921006 42.108513993),,JONES,1031200,AMERICAN FLAVORED VODKA,380,PHILLIPS BEVERAGE,41989,UV CAKE,12,750,7.50,11.25,2,22.50,1.50,0.39
INV-64852000043,2023-12-03T00:00:00.000,5236,"GIGGLE JUICE LIQUOR STATION, LLC",600 W. MAIN ST.,ANAMOSA,52205,POINT (-91.290921006 42.108513993),,JONES,1062300,AGED DARK RUM,421,SAZERAC COMPANY  INC,42167,MYERS'S ORIGINAL DARK RUM,12,1000,13.32,19.98,2,39.96,2.00,0.52
INV-64852000044,2023-12-03T00:00:00.000,5236,"GIGGLE JUICE LIQUOR STATION, LLC",600 W. MAIN ST.,ANAMOSA,52205,POINT (-91.290921006 42.108513993),,JONES,1062100,GOLD RUM,389,REMY COINTREAU USA INC,42666,MT GAY ECLIPSE RUM,12,750,11.98,17.97,1,17.97,0.75,0.19
INV-64852000045,2023-12-03T00:00:00.000,5236,"GIGGLE JUICE LIQUOR STATION, LLC",600 W. MAIN ST.,ANAMOSA,52205,POINT (-91.290921006 42.108513993),,JONES,1062500,FLAVORED RUM,370,PERNOD RICARD USA,42717,MALIBU COCONUT,12,1000,11.99,17.99,12,215.88,12.00,3.17
INV-64852000046,2023-12-03T00:00:00.000,5236,"GIGGLE JUICE LIQUOR STATION, LLC",600 W. MAIN ST.,ANAMOSA,52205,POINT (-91.290921006 42.108513993),,JONES,1062500,FLAVORED RUM,370,PERNOD RICARD USA,42718,MALIBU COCONUT,6,1750,19.49,29.24,6,175.44,10.50,2.77
INV-64852000047,2023-12-03T00:00:00.000,5236,"GIGGLE JUICE LIQUOR STATION, LLC",600 W. MAIN ST.,ANAMOSA,52205,POINT (-91.290921006 42.108513993),,JONES,1062400,SPICED RUM,259,HEAVEN HILL BRANDS,43027,ADMIRAL NELSON SPICED,12,1000,8.00,12.00,24,288.00,24.00,6.34
INV-64852000048,2023-12-03T00:00:00.000,5236,"GIGGLE JUICE LIQUOR STATION, LLC",600 W. MAIN ST.,ANAMOSA,52205,POINT (-91.290921006 42.108513993),,JONES,1062200,WHITE RUM,035,BACARDI USA INC,43127,BACARDI SUPERIOR,12,1000,9.50,14.25,12,171.00,12.00,3.17
INV-64852000049,2023-12-03T00:00:00.000,5236,"GIGGLE JUICE LIQUOR STATION, LLC",600 W. MAIN ST.,ANAMOSA,52205,POINT (-91.290921006 42.108513993),,JONES,1062400,SPICED RUM,260,DIAGEO AMERICAS,43331,CAPTAIN MORGAN ORIGINAL SPICED MINI,12,50,4.80,7.20,1,7.20,0.05,0.01
INV-64852000050,2023-12-03T00:00:00.000,5236,"GIGGLE JUICE LIQUOR STATION, LLC",600 W. MAIN ST.,ANAMOSA,52205,POINT (-91.290921006 42.108513993),,JONES,1062500,FLAVORED RUM,370,PERNOD RICARD USA,46550,MALIBU COCONUT MINI,12,50,9.90,14.85,1,14.85,0.05,0.01
INV-64852000051,2023-12-03T00:00:00.000,5236,"GIGGLE JUICE LIQUOR STATION, LLC",600 W. MAIN ST.,ANAMOSA,52205,POINT (-91.290921006 42.108513993),,JONES,1052100,IMPORTED BRANDIES,420,MOET HENNESSY USA,48106,HENNESSY VS,12,750,19.99,29.99,1,29.99,0.75,0.19
INV-64852000052,2023-12-03T00:00:00.000,5236,"GIGGLE JUICE LIQUOR STATION, LLC",600 W. MAIN ST.,ANAMOSA,52205,POINT (-91.290921006 42.108513993),,JONES,1012300,SINGLE MALT SCOTCH,205,E & J GALLO WINERY,5286,ISLE OF JURA 10YR,6,750,20.00,30.00,6,180.00,4.50,1.18
INV-64852000053,2023-12-03T00:00:00.000,5236,"GIGGLE JUICE LIQUOR STATION, LLC",600 W. MAIN ST.,ANAMOSA,52205,POINT (-91.290921006 42.108513993),,JONES,1012200,SCOTCH WHISKIES,260,DIAGEO AMERICAS,5327,JOHNNIE WALKER BLACK,12,1000,28.24,42.36,1,42.36,1.00,0.26
INV-64852000054,2023-12-03T00:00:00.000,5236,"GIGGLE JUICE LIQUOR STATION, LLC",600 W. MAIN ST.,ANAMOSA,52205,POINT (-91.290921006 42.108513993),,JONES,1051100,AMERICAN BRANDIES,434,LUXCO INC,54447,PARAMOUNT APRICOT BRANDY,12,1000,6.75,10.13,2,20.26,2.00,0.52
INV-64852000055,2023-12-03T00:00:00.000,5236,"GIGGLE JUICE LIQUOR STATION, LLC",600 W. MAIN ST.,ANAMOSA,52205,POINT (-91.290921006 42.108513993),,JONES,1051100,AMERICAN BRANDIES,434,LUXCO INC,55084,PARAMOUNT BLACKBERRY BRANDY,24,375,3.75,5.63,4,22.52,1.50,0.39
INV-64852000056,2023-12-03T00:00:00.000,5236,"GIGGLE JUICE LIQUOR STATION, LLC",600 W. MAIN ST.,ANAMOSA,52205,POINT (-91.290921006 42.108513993),,JONES,1051100,AMERICAN BRANDIES,434,LUXCO INC,55088,PARAMOUNT BLACKBERRY BRANDY,6,1750,11.75,17.63,6,105.78,10.50,2.77
INV-64852000057,2023-12-03T00:00:00.000,5236,"GIGGLE JUICE LIQUOR STATION, LLC",600 W. MAIN ST.,ANAMOSA,52205,POINT (-91.290921006 42.108513993),,JONES,1082100,IMPORTED CORDIALS & LIQUEURS,305,MHW LTD,57631,BOLS COCKTAILS AZUL MARGARITA,12,375,6.50,9.75,1,9.75,0.37,0.09
INV-64852000058,2023-12-03T00:00:00.000,5236,"GIGGLE JUICE LIQUOR STATION, LLC",600 W. MAIN ST.,ANAMOSA,52205,POINT (-91.290921006 42.108513993),,JONES,1071000,COCKTAILS/RTD,260,DIAGEO AMERICAS,58139,KETEL ONE COSMO COCKTAIL,12,375,6.99,10.49,1,10.49,0.37,0.09
INV-64852000059,2023-12-03T00:00:00.000,5236,"GIGGLE JUICE LIQUOR STATION, LLC",600 W. MAIN ST.,ANAMOSA,52205,POINT (-91.290921006 42.108513993),,JONES,1071000,COCKTAILS/RTD,260,DIAGEO AMERICAS,58801,CAPTAIN MORGAN LONG ISLAND ICED TEA,6,1750,11.00,16.50,2,33.00,3.50,0.92
INV-64852000060,2023-12-03T00:00:00.000,5236,"GIGGLE JUICE LIQUOR STATION, LLC",600 W. MAIN ST.,ANAMOSA,52205,POINT (-91.290921006 42.108513993),,JONES,1012300,SINGLE MALT SCOTCH,421,SAZERAC COMPANY  INC,5885,GLEN MORAY CABERNET,6,750,18.50,27.75,2,55.50,1.50,0.39
INV-64852000061,2023-12-03T00:00:00.000,5236,"GIGGLE JUICE LIQUOR STATION, LLC",600 W. MAIN ST.,ANAMOSA,52205,POINT (-91.290921006 42.108513993),,JONES,1071000,COCKTAILS/RTD,395,PROXIMO,58860,JOSE CUERVO AUTHENTIC MANGO MARGARITA,6,1750,8.74,13.11,1,13.11,1.75,0.46
INV-64852000062,2023-12-03T00:00:00.000,5236,"GIGGLE JUICE LIQUOR STATION, LLC",600 W. MAIN ST.,ANAMOSA,52205,POINT (-91.290921006 42.108513993),,JONES,1071000,COCKTAILS/RTD,395,PROXIMO,59154,1800 ULTIMATE MARGARITA PET,6,1750,10.04,15.06,1,15.06,1.75,0.46
INV-64852000063,2023-12-03T00:00:00.000,5236,"GIGGLE JUICE LIQUOR STATION, LLC",600 W. MAIN ST.,ANAMOSA,52205,POINT (-91.290921006 42.108513993),,JONES,1082100,IMPORTED CORDIALS & LIQUEURS,130,DISARONNO INTERNATIONAL,64136,DISARONNO AMARETTO,12,750,15.82,23.73,2,47.46,1.50,0.39
INV-64852000064,2023-12-03T00:00:00.000,5236,"GIGGLE JUICE LIQUOR STATION, LLC",600 W. MAIN ST.,ANAMOSA,52205,POINT (-91.290921006 42.108513993),,JONES,1081600,WHISKEY LIQUEUR,421,SAZERAC COMPANY  INC,64868,FIREBALL CINNAMON WHISKEY,6,1750,16.00,24.00,6,144.00,10.50,2.77
INV-64852000065,2023-12-03T00:00:00.000,5236,"GIGGLE JUICE LIQUOR STATION, LLC",600 W. MAIN ST.,ANAMOSA,52205,POINT (-91.290921006 42.108513993),,JONES,1081600,WHISKEY LIQUEUR,305,MHW LTD,64892,DUBLINER HONEYCOMB LIQUEUR,6,750,17.50,26.25,1,26.25,0.75,0.19
INV-64852000066,2023-12-03T00:00:00.000,5236,"GIGGLE JUICE LIQUOR STATION, LLC",600 W. MAIN ST.,ANAMOSA,52205,POINT (-91.290921006 42.108513993),,JONES,1082100,IMPORTED CORDIALS & LIQUEURS,619,CAMPARI AMERICA,64996,FRANGELICO LIQUEUR,12,750,16.50,24.75,1,24.75,0.75,0.19
INV-64852000067,2023-12-03T00:00:00.000,5236,"GIGGLE JUICE LIQUOR STATION, LLC",600 W. MAIN ST.,ANAMOSA,52205,POINT (-91.290921006 42.108513993),,JONES,1081200,CREAM LIQUEURS,300,MCCORMICK DISTILLING CO.,65204,TEQUILA ROSE LIQUEUR MINI,6,50,5.90,8.85,2,14.10,0.10,0.02
INV-64852000068,2023-12-03T00:00:00.000,5236,"GIGGLE JUICE LIQUOR STATION, LLC",600 W. MAIN ST.,ANAMOSA,52205,POINT (-91.290921006 42.108513993),,JONES,1082100,IMPORTED CORDIALS & LIQUEURS,192,"MAST-JAGERMEISTER US, INC",65258,JAGERMEISTER LIQUEUR,6,1750,26.05,39.08,1,39.08,1.75,0.46
INV-64852000069,2023-12-03T00:00:00.000,5236,"GIGGLE JUICE LIQUOR STATION, LLC",600 W. MAIN ST.,ANAMOSA,52205,POINT (-91.290921006 42.108513993),,JONES,1082100,IMPORTED CORDIALS & LIQUEURS,368,PARK STREET IMPORTS,65543,LICOR 43 CHOCOLATE,6,750,14.50,21.75,2,43.50,1.50,0.39
INV-64852000070,2023-12-03T00:00:00.000,5236,"GIGGLE JUICE LIQUOR STATION, LLC",600 W. MAIN ST.,ANAMOSA,52205,POINT (-91.290921006 42.108513993),,JONES,1011100,BLENDED WHISKIES,368,PARK STREET IMPORTS,66725,SHANKYS WHIP BLACK SPIRITS,6,750,14.54,21.81,3,65.43,2.25,0.59
INV-64852000071,2023-12-03T00:00:00.000,5236,"GIGGLE JUICE LIQUOR STATION, LLC",600 W. MAIN ST.,ANAMOSA,52205,POINT (-91.290921006 42.108513993),,JONES,1022100,MIXTO TEQUILA,260,DIAGEO AMERICAS,66993,21SEEDS CUCUMBER JALAPENO TEQUILA,6,750,17.50,26.25,3,78.75,2.25,0.59
INV-64852000072,2023-12-03T00:00:00.000,5236,"GIGGLE JUICE LIQUOR STATION, LLC",600 W. MAIN ST.,ANAMOSA,52205,POINT (-91.290921006 42.108513993),,JONES,1081100,COFFEE LIQUEURS,380,PHILLIPS BEVERAGE,67551,KAMORA COFFEE LIQUEUR MINI,12,50,6.60,9.90,1,9.90,0.05,0.01
INV-64852000073,2023-12-03T00:00:00.000,5236,"GIGGLE JUICE LIQUOR STATION, LLC",600 W. MAIN ST.,ANAMOSA,52205,POINT (-91.290921006 42.108513993),,JONES,1081200,CREAM LIQUEURS,300,MCCORMICK DISTILLING CO.,68340,FIVE FARMS IRISH CREAM LIQUEUR,9,750,19.00,28.50,2,57.00,1.50,0.39
INV-64852000074,2023-12-03T00:00:00.000,5236,"GIGGLE JUICE LIQUOR STATION, LLC",600 W. MAIN ST.,ANAMOSA,52205,POINT (-91.290921006 42.108513993),,JONES,1082200,IMPORTED SCHNAPPS,421,SAZERAC COMPANY  INC,69609,DR MCGILLICUDDYS APPLE PIE MINI,12,50,5.00,7.50,1,7.50,0.05,0.01
INV-64852000075,2023-12-03T00:00:00.000,5236,"GIGGLE JUICE LIQUOR STATION, LLC",600 W. MAIN ST.,ANAMOSA,52205,POINT (-91.290921006 42.108513993),,JONES,1081200,CREAM LIQUEURS,205,E & J GALLO WINERY,73053,RUMCHATA,6,1000,17.50,26.25,6,157.50,6.00,1.58
INV-64852000076,2023-12-03T00:00:00.000,5236,"GIGGLE JUICE LIQUOR STATION, LLC",600 W. MAIN ST.,ANAMOSA,52205,POINT (-91.290921006 42.108513993),,JONES,1031200,AMERICAN FLAVORED VODKA,772,INTERCONTINENTAL PACKAGING COMPANY/PRESTIGE BEVERAGE GROUP,75198,KINKY BLUE,6,750,10.00,15.00,2,30.00,1.50,0.39
INV-64852000077,2023-12-03T00:00:00.000,5236,"GIGGLE JUICE LIQUOR STATION, LLC",600 W. MAIN ST.,ANAMOSA,52205,POINT (-91.290921006 42.108513993),,JONES,1091300,NEUTRAL GRAIN SPIRITS FLAVORED,346,OLE SMOKY DISTILLERY LLC,76412,OLE SMOKY BUTTER PECAN MOONSHINE MINI,8,50,8.75,13.13,1,13.13,0.05,0.01
INV-64852000078,2023-12-03T00:00:00.000,5236,"GIGGLE JUICE LIQUOR STATION, LLC",600 W. MAIN ST.,ANAMOSA,52205,POINT (-91.290921006 42.108513993),,JONES,1031200,AMERICAN FLAVORED VODKA,118,AMERICAN SPIRITS EXCHANGE,76501,THE ORIGINAL PICKLE SHOT DILL PICKLE VODKA,12,750,8.34,12.51,12,150.12,9.00,2.37
INV-64852000079,2023-12-03T00:00:00.000,5236,"GIGGLE JUICE LIQUOR STATION, LLC",600 W. MAIN ST.,ANAMOSA,52205,POINT (-91.290921006 42.108513993),,JONES,1031200,AMERICAN FLAVORED VODKA,118,AMERICAN SPIRITS EXCHANGE,76842,THE ORIGINAL PICKLE SHOT SPICY PICKLE VODKA MINI,1,50,48.00,72.00,1,72.00,0.05,0.01
INV-64852000080,2023-12-03T00:00:00.000,5236,"GIGGLE JUICE LIQUOR STATION, LLC",600 W. MAIN ST.,ANAMOSA,52205,POINT (-91.290921006 42.108513993),,JONES,1031200,AMERICAN FLAVORED VODKA,260,DIAGEO AMERICAS,77683,SMIRNOFF KISSED CARAMEL,12,750,8.25,12.38,12,148.56,9.00,2.37
INV-64852000081,2023-12-03T00:00:00.000,5236,"GIGGLE JUICE LIQUOR STATION, LLC",600 W. MAIN ST.,ANAMOSA,52205,POINT (-91.290921006 42.108513993),,JONES,1031200,AMERICAN FLAVORED VODKA,260,DIAGEO AMERICAS,77852,SMIRNOFF WATERMELON,12,750,8.25,12.38,1,12.38,0.75,0.19
INV-64852000082,2023-12-03T00:00:00.000,5236,"GIGGLE JUICE LIQUOR STATION, LLC",600 W. MAIN ST.,ANAMOSA,52205,POINT (-91.290921006 42.108513993),,JONES,1031100,AMERICAN VODKAS,260,DIAGEO AMERICAS,78293,SMIRNOFF PEACH LEMONADE,12,750,8.25,12.38,3,37.14,2.25,0.59
INV-64852000083,2023-12-03T00:00:00.000,5236,"GIGGLE JUICE LIQUOR STATION, LLC",600 W. MAIN ST.,ANAMOSA,52205,POINT (-91.290921006 42.108513993),,JONES,1081200,CREAM LIQUEURS,306,MISSISSIPPI RIVER DISTILLING COMPANY LLC,80236,IOWISH CREAM LIQUEUR,6,750,12.50,18.75,1,18.75,0.75,0.19
INV-64852000084,2023-12-03T00:00:00.000,5236,"GIGGLE JUICE LIQUOR STATION, LLC",600 W. MAIN ST.,ANAMOSA,52205,POINT (-91.290921006 42.108513993),,JONES,1081200,CREAM LIQUEURS,306,MISSISSIPPI RIVER DISTILLING COMPANY LLC,80239,IOWISH CREAM SALTED CARAMEL,6,750,12.50,18.75,6,112.50,4.50,1.18
INV-64852000085,2023-12-03T00:00:00.000,5236,"GIGGLE JUICE LIQUOR STATION, LLC",600 W. MAIN ST.,ANAMOSA,52205,POINT (-91.290921006 42.108513993),,JONES,1091300,NEUTRAL GRAIN SPIRITS FLAVORED,346,OLE SMOKY DISTILLERY LLC,80398,OLE SMOKY WHITE CHOCOLATE STRAWBERRY MOONSHINE MINI,8,50,8.75,13.13,3,39.39,0.15,0.03
INV-64852000086,2023-12-03T00:00:00.000,5236,"GIGGLE JUICE LIQUOR STATION, LLC",600 W. MAIN ST.,ANAMOSA,52205,POINT (-91.290921006 42.108513993),,JONES,1081400,AMERICAN SCHNAPPS,434,LUXCO INC,80578,ARROW PEPPERMINT SCHNAPPS,6,1750,7.50,11.25,6,67.50,10.50,2.77
INV-64852000087,2023-12-03T00:00:00.000,5236,"GIGGLE JUICE LIQUOR STATION, LLC",600 W. MAIN ST.,ANAMOSA,52205,POINT (-91.290921006 42.108513993),,JONES,1081400,AMERICAN SCHNAPPS,434,LUXCO INC,81204,PARAMOUNT PEPPERMINT SCHNAPPS,24,375,2.50,3.75,3,11.25,1.12,0.29
INV-64852000088,2023-12-03T00:00:00.000,5236,"GIGGLE JUICE LIQUOR STATION, LLC",600 W. MAIN ST.,ANAMOSA,52205,POINT (-91.290921006 42.108513993),,JONES,1081400,AMERICAN SCHNAPPS,065,JIM BEAM BRANDS,82787,DEKUYPER BUTTERSHOTS,12,1000,7.87,11.81,12,141.72,12.00,3.17
INV-64852000089,2023-12-03T00:00:00.000,5236,"GIGGLE JUICE LIQUOR STATION, LLC",600 W. MAIN ST.,ANAMOSA,52205,POINT (-91.290921006 42.108513993),,JONES,1081400,AMERICAN SCHNAPPS,421,SAZERAC COMPANY  INC,84367,MR BOSTON SOUR APPLE SCHNAPPS,12,1000,5.00,7.50,12,90.00,12.00,3.17
INV-64852000090,2023-12-03T00:00:00.000,5236,"GIGGLE JUICE LIQUOR STATION, LLC",600 W. MAIN ST.,ANAMOSA,52205,POINT (-91.290921006 42.108513993),,JONES,1081500,TRIPLE SEC,065,JIM BEAM BRANDS,86112,DEKUYPER TRIPLE SEC,12,1000,2.33,3.50,12,42.00,12.00,3.17
INV-64852000091,2023-12-03T00:00:00.000,5236,"GIGGLE JUICE LIQUOR STATION, LLC",600 W. MAIN ST.,ANAMOSA,52205,POINT (-91.290921006 42.108513993),,JONES,1091300,NEUTRAL GRAIN SPIRITS FLAVORED,346,OLE SMOKY DISTILLERY LLC,86843,OLE SMOKY SALTY CARAMEL WHISKEY,6,750,11.00,16.50,12,198.00,9.00,2.37
INV-64852000092,2023-12-03T00:00:00.000,5236,"GIGGLE JUICE LIQUOR STATION, LLC",600 W. MAIN ST.,ANAMOSA,52205,POINT (-91.290921006 42.108513993),,JONES,1011400,TENNESSEE WHISKIES,346,OLE SMOKY DISTILLERY LLC,87018,OLE SMOKY PEACH WHISKEY,6,750,11.00,16.50,6,99.00,4.50,1.18
INV-64852000093,2023-12-03T00:00:00.000,5236,"GIGGLE JUICE LIQUOR STATION, LLC",600 W. MAIN ST.,ANAMOSA,52205,POINT (-91.290921006 42.108513993),,JONES,1022200,100% AGAVE TEQUILA,205,E & J GALLO WINERY,87132,TEQUILA KOMOS EXTRA ANEJO,6,750,250.00,375.00,2,750.00,1.50,0.39
INV-64852000094,2023-12-03T00:00:00.000,5236,"GIGGLE JUICE LIQUOR STATION, LLC",600 W. MAIN ST.,ANAMOSA,52205,POINT (-91.290921006 42.108513993),,JONES,1022200,100% AGAVE TEQUILA,260,DIAGEO AMERICAS,87281,CASAMIGOS BLANCO MINI,5,50,29.88,44.82,1,44.82,0.05,0.01
INV-64852000095,2023-12-03T00:00:00.000,5236,"GIGGLE JUICE LIQUOR STATION, LLC",600 W. MAIN ST.,ANAMOSA,52205,POINT (-91.290921006 42.108513993),,JONES,1022200,100% AGAVE TEQUILA,205,E & J GALLO WINERY,87712,TEQUILA KOMOS REPOSADO ROSA,6,750,65.00,97.50,6,585.00,4.50,1.18
INV-64852000096,2023-12-03T00:00:00.000,5236,"GIGGLE JUICE LIQUOR STATION, LLC",600 W. MAIN ST.,ANAMOSA,52205,POINT (-91.290921006 42.108513993),,JONES,1022200,100% AGAVE TEQUILA,395,PROXIMO,87725,GRAN CORAMINO REPOSADO CRISTALINO,6,750,25.00,37.50,6,225.00,4.50,1.18
INV-64852000097,2023-12-03T00:00:00.000,5236,"GIGGLE JUICE LIQUOR STATION, LLC",600 W. MAIN ST.,ANAMOSA,52205,POINT (-91.290921006 42.108513993),,JONES,1022100,MIXTO TEQUILA,434,LUXCO INC,87937,JUAREZ SILVER,12,1000,9.00,13.50,12,153.00,12.00,3.17
INV-64852000098,2023-12-03T00:00:00.000,5236,"GIGGLE JUICE LIQUOR STATION, LLC",600 W. MAIN ST.,ANAMOSA,52205,POINT (-91.290921006 42.108513993),,JONES,1022200,100% AGAVE TEQUILA,395,PROXIMO,88922,1800 CRISTALINO,6,750,29.76,44.64,1,44.64,0.75,0.19
INV-64852000099,2023-12-03T00:00:00.000,5236,"GIGGLE JUICE LIQUOR STATION, LLC",600 W. MAIN ST.,ANAMOSA,52205,POINT (-91.290921006 42.108513993),,JONES,1022200,100% AGAVE TEQUILA,205,E & J GALLO WINERY,88931,FAMILIA CAMARENA ANEJO,6,750,20.00,30.00,6,180.00,4.50,1.18
INV-64852000100,2023-12-03T00:00:00.000,5236,"GIGGLE JUICE LIQUOR STATION, LLC",600 W. MAIN ST.,ANAMOSA,52205,POINT (-91.290921006 42.108513993),,JONES,1022100,MIXTO TEQUILA,434,LUXCO INC,89387,JUAREZ GOLD,12,1000,9.00,13.50,12,153.00,12.00,3.17
INV-64852100001,2023-12-03T00:00:00.000,5610,CASEY'S GENERAL STORE #2690 / ANAMOSA,500 E MAIN ST,ANAMOSA,52205,POINT (-91.280185967 42.10851898),,JONES,1031100,AMERICAN VODKAS,421,SAZERAC COMPANY  INC,102149,FROST TRAIL VODKA MINI,12,50,3.93,5.90,12,70.80,0.60,0.15
INV-64852100002,2023-12-03T00:00:00.000,5610,CASEY'S GENERAL STORE #2690 / ANAMOSA,500 E MAIN ST,ANAMOSA,52205,POINT (-91.280185967 42.10851898),,JONES,1012100,CANADIAN WHISKIES,259,HEAVEN HILL BRANDS,10550,BLACK VELVET TOASTED CARAMEL,12,750,5.74,8.61,12,103.32,9.00,2.37
INV-64852100003,2023-12-03T00:00:00.000,5610,CASEY'S GENERAL STORE #2690 / ANAMOSA,500 E MAIN ST,ANAMOSA,52205,POINT (-91.280185967 42.10851898),,JONES,1012100,CANADIAN WHISKIES,259,HEAVEN HILL BRANDS,11776,BLACK VELVET,12,750,5.50,8.25,12,99.00,9.00,2.37
INV-64852100004,2023-12-03T00:00:00.000,5610,CASEY'S GENERAL STORE #2690 / ANAMOSA,500 E MAIN ST,ANAMOSA,52205,POINT (-91.280185967 42.10851898),,JONES,1012100,CANADIAN WHISKIES,259,HEAVEN HILL BRANDS,11788,BLACK VELVET,6,1750,11.00,16.50,6,99.00,10.50,2.77
INV-64852100005,2023-12-03T00:00:00.000,5610,CASEY'S GENERAL STORE #2690 / ANAMOSA,500 E MAIN ST,ANAMOSA,52205,POINT (-91.280185967 42.10851898),,JONES,1031100,AMERICAN VODKAS,434,LUXCO INC,36301,HAWKEYE VODKA MINI,12,50,4.50,6.75,12,81.00,0.60,0.15
INV-64852100006,2023-12-03T00:00:00.000,5610,CASEY'S GENERAL STORE #2690 / ANAMOSA,500 E MAIN ST,ANAMOSA,52205,POINT (-91.280185967 42.10851898),,JONES,1031100,AMERICAN VODKAS,434,LUXCO INC,36304,HAWKEYE VODKA,24,375,2.00,3.00,24,72.00,9.00,2.37
INV-64852100007,2023-12-03T00:00:00.000,5610,CASEY'S GENERAL STORE #2690 / ANAMOSA,500 E MAIN ST,ANAMOSA,52205,POINT (-91.280185967 42.10851898),,JONES,1031100,AMERICAN VODKAS,434,LUXCO INC,36306,HAWKEYE VODKA,12,750,3.50,5.25,12,63.00,9.00,2.37
INV-64852100008,2023-12-03T00:00:00.000,5610,CASEY'S GENERAL STORE #2690 / ANAMOSA,500 E MAIN ST,ANAMOSA,52205,POINT (-91.280185967 42.10851898),,JONES,1031100,AMERICAN VODKAS,434,LUXCO INC,36308,HAWKEYE VODKA,6,1750,7.50,11.25,6,67.50,10.50,2.77
INV-64852100009,2023-12-03T00:00:00.000,5610,CASEY'S GENERAL STORE #2690 / ANAMOSA,500 E MAIN ST,ANAMOSA,52205,POINT (-91.280185967 42.10851898),,JONES,1031100,AMERICAN VODKAS,777,"BLUE OX SPIRITS, INC.",36873,BLUE OX VODKA,12,750,3.90,5.85,12,70.20,9.00,2.37
INV-64852100010,2023-12-03T00:00:00.000,5610,CASEY'S GENERAL STORE #2690 / ANAMOSA,500 E MAIN ST,ANAMOSA,52205,POINT (-91.280185967 42.10851898),,JONES,1031100,AMERICAN VODKAS,300,MCCORMICK DISTILLING CO.,36904,MCCORMICK 80PRF VODKA PET,24,375,1.84,2.76,24,66.24,9.00,2.37
INV-64852100011,2023-12-03T00:00:00.000,5610,CASEY'S GENERAL STORE #2690 / ANAMOSA,500 E MAIN ST,ANAMOSA,52205,POINT (-91.280185967 42.10851898),,JONES,1031100,AMERICAN VODKAS,777,"BLUE OX SPIRITS, INC.",36985,BLUE OX VODKA,24,375,2.00,3.00,24,81.12,9.00,2.37
INV-64852100012,2023-12-03T00:00:00.000,5610,CASEY'S GENERAL STORE #2690 / ANAMOSA,500 E MAIN ST,ANAMOSA,52205,POINT (-91.280185967 42.10851898),,JONES,1031100,AMERICAN VODKAS,301,FIFTH GENERATION INC,38176,TITOS HANDMADE VODKA,12,750,10.00,15.00,12,180.00,9.00,2.37
INV-64852100013,2023-12-03T00:00:00.000,5610,CASEY'S GENERAL STORE #2690 / ANAMOSA,500 E MAIN ST,ANAMOSA,52205,POINT (-91.280185967 42.10851898),,JONES,1062400,SPICED RUM,260,DIAGEO AMERICAS,43331,CAPTAIN MORGAN ORIGINAL SPICED MINI,12,50,4.80,7.20,12,86.40,0.60,0.15
INV-64852100014,2023-12-03T00:00:00.000,5610,CASEY'S GENERAL STORE #2690 / ANAMOSA,500 E MAIN ST,ANAMOSA,52205,POINT (-91.280185967 42.10851898),,JONES,1081600,WHISKEY LIQUEUR,421,SAZERAC COMPANY  INC,64858,FIREBALL CINNAMON WHISKEY MINI DISPENSER,1,50,25.80,38.70,3,116.10,0.15,0.03
INV-64852100015,2023-12-03T00:00:00.000,5610,CASEY'S GENERAL STORE #2690 / ANAMOSA,500 E MAIN ST,ANAMOSA,52205,POINT (-91.280185967 42.10851898),,JONES,1081600,WHISKEY LIQUEUR,421,SAZERAC COMPANY  INC,64866,FIREBALL CINNAMON WHISKEY,12,750,9.00,13.50,12,162.00,9.00,2.37
INV-64852100016,2023-12-03T00:00:00.000,5610,CASEY'S GENERAL STORE #2690 / ANAMOSA,500 E MAIN ST,ANAMOSA,52205,POINT (-91.280185967 42.10851898),,JONES,1081600,WHISKEY LIQUEUR,421,SAZERAC COMPANY  INC,65013,FIREBALL CINNAMON WHISKEY MINI SLEEVE,12,50,4.30,6.45,36,232.20,1.80,0.47
INV-64852200001,2023-12-03T00:00:00.000,3886,WAL-MART 0646 / ANAMOSA,101  115 ST,ANAMOSA,52205,POINT (-91.264479035 42.099566982),,JONES,1012100,CANADIAN WHISKIES,260,DIAGEO AMERICAS,10809,CROWN ROYAL REGAL APPLE,6,1750,33.99,50.99,6,305.94,10.50,2.77
INV-64852200002,2023-12-03T00:00:00.000,3886,WAL-MART 0646 / ANAMOSA,101  115 ST,ANAMOSA,52205,POINT (-91.264479035 42.099566982),,JONES,1012100,CANADIAN WHISKIES,259,HEAVEN HILL BRANDS,11788,BLACK VELVET,6,1750,11.00,16.50,24,396.00,42.00,11.09
INV-64852200003,2023-12-03T00:00:00.000,3886,WAL-MART 0646 / ANAMOSA,101  115 ST,ANAMOSA,52205,POINT (-91.264479035 42.099566982),,JONES,1012100,CANADIAN WHISKIES,421,SAZERAC COMPANY  INC,12888,RICH & RARE,6,1750,8.98,13.47,12,161.64,21.00,5.54
INV-64852200004,2023-12-03T00:00:00.000,3886,WAL-MART 0646 / ANAMOSA,101  115 ST,ANAMOSA,52205,POINT (-91.264479035 42.099566982),,JONES,1012400,IRISH WHISKIES,370,PERNOD RICARD USA,15626,JAMESON,12,750,17.49,26.24,12,314.88,9.00,2.37
INV-64852200005,2023-12-03T00:00:00.000,3886,WAL-MART 0646 / ANAMOSA,101  115 ST,ANAMOSA,52205,POINT (-91.264479035 42.099566982),,JONES,1011200,STRAIGHT BOURBON WHISKIES,259,HEAVEN HILL BRANDS,17958,EVAN WILLIAMS BLACK,6,1750,17.00,25.50,6,153.00,10.50,2.77
INV-64852200006,2023-12-03T00:00:00.000,3886,WAL-MART 0646 / ANAMOSA,101  115 ST,ANAMOSA,52205,POINT (-91.264479035 42.099566982),,JONES,1062400,SPICED RUM,260,DIAGEO AMERICAS,1799,CAPTAIN MORGAN ORIGINAL SPICED BARREL,6,1750,18.99,28.49,6,170.94,10.50,2.77
INV-64852200007,2023-12-03T00:00:00.000,3886,WAL-MART 0646 / ANAMOSA,101  115 ST,ANAMOSA,52205,POINT (-91.264479035 42.099566982),,JONES,1011200,STRAIGHT BOURBON WHISKIES,065,JIM BEAM BRANDS,19476,MAKERS MARK,12,750,18.00,27.00,12,324.00,9.00,2.37
INV-64852200009,2023-12-03T00:00:00.000,3886,WAL-MART 0646 / ANAMOSA,101  115 ST,ANAMOSA,52205,POINT (-91.264479035 42.099566982),,JONES,1011100,BLENDED WHISKIES,297,LAIRD & COMPANY,23828,FIVE STAR,6,1750,8.39,12.59,6,75.54,10.50,2.77
INV-64852200011,2023-12-03T00:00:00.000,3886,WAL-MART 0646 / ANAMOSA,101  115 ST,ANAMOSA,52205,POINT (-91.264479035 42.099566982),,JONES,1011200,STRAIGHT BOURBON WHISKIES,065,JIM BEAM BRANDS,28043,JIM BEAM VANILLA,12,750,11.00,16.50,12,198.00,9.00,2.37
INV-64852200012,2023-12-03T00:00:00.000,3886,WAL-MART 0646 / ANAMOSA,101  115 ST,ANAMOSA,52205,POINT (-91.264479035 42.099566982),,JONES,1032100,IMPORTED VODKAS,370,PERNOD RICARD USA,34007,ABSOLUT SWEDISH VODKA 80PRF,12,1000,14.99,22.49,12,269.88,12.00,3.17
INV-64852200013,2023-12-03T00:00:00.000,3886,WAL-MART 0646 / ANAMOSA,101  115 ST,ANAMOSA,52205,POINT (-91.264479035 42.099566982),,JONES,1031100,AMERICAN VODKAS,065,JIM BEAM BRANDS,34578,PINNACLE,6,1750,10.00,15.00,6,90.00,10.50,2.77
INV-64852200014,2023-12-03T00:00:00.000,3886,WAL-MART 0646 / ANAMOSA,101  115 ST,ANAMOSA,52205,POINT (-91.264479035 42.099566982),,JONES,1031100,AMERICAN VODKAS,297,LAIRD & COMPANY,35918,FIVE O'CLOCK VODKA,6,1750,7.72,11.58,6,69.48,10.50,2.77
INV-64852200015,2023-12-03T00:00:00.000,3886,WAL-MART 0646 / ANAMOSA,101  115 ST,ANAMOSA,52205,POINT (-91.264479035 42.099566982),,JONES,1031100,AMERICAN VODKAS,434,LUXCO INC,36306,HAWKEYE VODKA,12,750,3.50,5.25,12,63.00,9.00,2.37
INV-64852200016,2023-12-03T00:00:00.000,3886,WAL-MART 0646 / ANAMOSA,101  115 ST,ANAMOSA,52205,POINT (-91.264479035 42.099566982),,JONES,1031100,AMERICAN VODKAS,434,LUXCO INC,36308,HAWKEYE VODKA,6,1750,7.50,11.25,6,67.50,10.50,2.77
INV-64852200017,2023-12-03T00:00:00.000,3886,WAL-MART 0646 / ANAMOSA,101  115 ST,ANAMOSA,52205,POINT (-91.264479035 42.099566982),,JONES,1031100,AMERICAN VODKAS,421,SAZERAC COMPANY  INC,36648,CALIBER VODKA,12,750,3.32,4.98,12,59.76,9.00,2.37
INV-64852200018,2023-12-03T00:00:00.000,3886,WAL-MART 0646 / ANAMOSA,101  115 ST,ANAMOSA,52205,POINT (-91.264479035 42.099566982),,JONES,1031100,AMERICAN VODKAS,777,"BLUE OX SPIRITS, INC.",36875,BLUE OX VODKA,6,1750,7.63,11.45,6,68.70,10.50,2.77
INV-64852200019,2023-12-03T00:00:00.000,3886,WAL-MART 0646 / ANAMOSA,101  115 ST,ANAMOSA,52205,POINT (-91.264479035 42.099566982),,JONES,1031100,AMERICAN VODKAS,380,PHILLIPS BEVERAGE,37348,PHILLIPS VODKA,6,1750,7.60,11.40,12,136.80,21.00,5.54
INV-64852200020,2023-12-03T00:00:00.000,3886,WAL-MART 0646 / ANAMOSA,101  115 ST,ANAMOSA,52205,POINT (-91.264479035 42.099566982),,JONES,1031100,AMERICAN VODKAS,301,FIFTH GENERATION INC,38177,TITOS HANDMADE VODKA,12,1000,13.17,19.76,12,237.12,12.00,3.17
INV-64852200021,2023-12-03T00:00:00.000,3886,WAL-MART 0646 / ANAMOSA,101  115 ST,ANAMOSA,52205,POINT (-91.264479035 42.099566982),,JONES,1031100,AMERICAN VODKAS,301,FIFTH GENERATION INC,38178,TITOS HANDMADE VODKA,6,1750,19.00,28.50,12,342.00,21.00,5.54
INV-64852200022,2023-12-03T00:00:00.000,3886,WAL-MART 0646 / ANAMOSA,101  115 ST,ANAMOSA,52205,POINT (-91.264479035 42.099566982),,JONES,1031200,AMERICAN FLAVORED VODKA,421,SAZERAC COMPANY  INC,39753,CALIBER CITRUS VODKA,6,1750,6.92,10.38,6,62.28,10.50,2.77
INV-64852200023,2023-12-03T00:00:00.000,3886,WAL-MART 0646 / ANAMOSA,101  115 ST,ANAMOSA,52205,POINT (-91.264479035 42.099566982),,JONES,1091200,NEUTRAL GRAIN SPIRITS,434,LUXCO INC,41846,EVERCLEAR 151,12,750,9.00,13.50,12,162.00,9.00,2.37
INV-64852200024,2023-12-03T00:00:00.000,3886,WAL-MART 0646 / ANAMOSA,101  115 ST,ANAMOSA,52205,POINT (-91.264479035 42.099566982),,JONES,1062400,SPICED RUM,259,HEAVEN HILL BRANDS,43028,ADMIRAL NELSON SPICED,6,1750,12.00,18.00,6,108.00,10.50,2.77
INV-64852200025,2023-12-03T00:00:00.000,3886,WAL-MART 0646 / ANAMOSA,101  115 ST,ANAMOSA,52205,POINT (-91.264479035 42.099566982),,JONES,1062100,GOLD RUM,035,BACARDI USA INC,43036,BACARDI GOLD,12,750,8.76,13.14,12,157.68,9.00,2.37
INV-64852200026,2023-12-03T00:00:00.000,3886,WAL-MART 0646 / ANAMOSA,101  115 ST,ANAMOSA,52205,POINT (-91.264479035 42.099566982),,JONES,1062200,WHITE RUM,035,BACARDI USA INC,43128,BACARDI SUPERIOR,6,1750,15.50,23.25,6,139.50,10.50,2.77
INV-64852200027,2023-12-03T00:00:00.000,3886,WAL-MART 0646 / ANAMOSA,101  115 ST,ANAMOSA,52205,POINT (-91.264479035 42.099566982),,JONES,1062500,FLAVORED RUM,035,BACARDI USA INC,43136,BACARDI LIMON,12,750,8.76,13.14,12,157.68,9.00,2.37
INV-64852200028,2023-12-03T00:00:00.000,3886,WAL-MART 0646 / ANAMOSA,101  115 ST,ANAMOSA,52205,POINT (-91.264479035 42.099566982),,JONES,1062500,FLAVORED RUM,035,BACARDI USA INC,43138,BACARDI LIMON,6,1750,15.50,23.25,6,139.50,10.50,2.77
INV-64852200029,2023-12-03T00:00:00.000,3886,WAL-MART 0646 / ANAMOSA,101  115 ST,ANAMOSA,52205,POINT (-91.264479035 42.099566982),,JONES,1062400,SPICED RUM,260,DIAGEO AMERICAS,43337,CAPTAIN MORGAN ORIGINAL SPICED,12,1000,12.99,19.49,12,233.88,12.00,3.17
INV-64852200030,2023-12-03T00:00:00.000,3886,WAL-MART 0646 / ANAMOSA,101  115 ST,ANAMOSA,52205,POINT (-91.264479035 42.099566982),,JONES,1062200,WHITE RUM,434,LUXCO INC,45278,PARAMOUNT WHITE RUM,6,1750,8.00,12.00,6,72.00,10.50,2.77
INV-64852200031,2023-12-03T00:00:00.000,3886,WAL-MART 0646 / ANAMOSA,101  115 ST,ANAMOSA,52205,POINT (-91.264479035 42.099566982),,JONES,1062400,SPICED RUM,421,SAZERAC COMPANY  INC,46144,CALIBER SPICED RUM,6,1750,7.36,11.04,6,66.24,10.50,2.77
INV-64852200032,2023-12-03T00:00:00.000,3886,WAL-MART 0646 / ANAMOSA,101  115 ST,ANAMOSA,52205,POINT (-91.264479035 42.099566982),,JONES,1062400,SPICED RUM,395,PROXIMO,46506,KRAKEN BLACK SPICED RUM,6,1750,17.50,26.25,6,157.50,10.50,2.77
INV-64852200033,2023-12-03T00:00:00.000,3886,WAL-MART 0646 / ANAMOSA,101  115 ST,ANAMOSA,52205,POINT (-91.264479035 42.099566982),,JONES,1012200,SCOTCH WHISKIES,035,BACARDI USA INC,4866,DEWARS WHITE LABEL SCOTCH,12,750,13.50,20.25,12,243.00,9.00,2.37
INV-64852200034,2023-12-03T00:00:00.000,3886,WAL-MART 0646 / ANAMOSA,101  115 ST,ANAMOSA,52205,POINT (-91.264479035 42.099566982),,JONES,1051100,AMERICAN BRANDIES,434,LUXCO INC,55086,PARAMOUNT BLACKBERRY BRANDY,12,750,5.75,8.63,12,103.56,9.00,2.37
INV-64852200035,2023-12-03T00:00:00.000,3886,WAL-MART 0646 / ANAMOSA,101  115 ST,ANAMOSA,52205,POINT (-91.264479035 42.099566982),,JONES,1081600,WHISKEY LIQUEUR,421,SAZERAC COMPANY  INC,64865,FIREBALL CINNAMON WHISKEY PET,12,750,9.00,13.50,12,162.00,9.00,2.37
INV-64852200036,2023-12-03T00:00:00.000,3886,WAL-MART 0646 / ANAMOSA,101  115 ST,ANAMOSA,52205,POINT (-91.264479035 42.099566982),,JONES,1081600,WHISKEY LIQUEUR,421,SAZERAC COMPANY  INC,64904,FIREBALL CINNAMON WHISKEY PET,6,1750,16.00,24.00,6,144.00,10.50,2.77
INV-64852200038,2023-12-03T00:00:00.000,3886,WAL-MART 0646 / ANAMOSA,101  115 ST,ANAMOSA,52205,POINT (-91.264479035 42.099566982),,JONES,1081200,CREAM LIQUEURS,421,SAZERAC COMPANY  INC,80456,RYANS CREAM LIQUEUR,12,750,6.70,10.05,12,120.60,9.00,2.37
INV-64852200039,2023-12-03T00:00:00.000,3886,WAL-MART 0646 / ANAMOSA,101  115 ST,ANAMOSA,52205,POINT (-91.264479035 42.099566982),,JONES,1091100,AMERICAN DISTILLED SPIRITS SPECIALTY,370,PERNOD RICARD USA,86439,SKREWBALL PEANUT BUTTER WHISKEY,12,750,14.99,22.49,12,269.88,9.00,2.37
INV-64852200040,2023-12-03T00:00:00.000,3886,WAL-MART 0646 / ANAMOSA,101  115 ST,ANAMOSA,52205,POINT (-91.264479035 42.099566982),,JONES,1091300,NEUTRAL GRAIN SPIRITS FLAVORED,346,OLE SMOKY DISTILLERY LLC,86843,OLE SMOKY SALTY CARAMEL WHISKEY,6,750,11.00,16.50,6,99.00,4.50,1.18
INV-64852200041,2023-12-03T00:00:00.000,3886,WAL-MART 0646 / ANAMOSA,101  115 ST,ANAMOSA,52205,POINT (-91.264479035 42.099566982),,JONES,1011400,TENNESSEE WHISKIES,346,OLE SMOKY DISTILLERY LLC,87043,OLE SMOKY PEANUT BUTTER WHISKEY,6,750,11.00,16.50,6,99.00,4.50,1.18
INV-64852200042,2023-12-03T00:00:00.000,3886,WAL-MART 0646 / ANAMOSA,101  115 ST,ANAMOSA,52205,POINT (-91.264479035 42.099566982),,JONES,1022200,100% AGAVE TEQUILA,260,DIAGEO AMERICAS,87485,DON JULIO BLANCO,6,750,30.99,46.49,6,278.94,4.50,1.18
INV-64852200043,2023-12-03T00:00:00.000,3886,WAL-MART 0646 / ANAMOSA,101  115 ST,ANAMOSA,52205,POINT (-91.264479035 42.099566982),,JONES,1022200,100% AGAVE TEQUILA,192,"MAST-JAGERMEISTER US, INC",88371,TEREMANA BLANCO TEQUILA,6,750,15.91,23.87,6,143.22,4.50,1.18
INV-64852300001,2023-12-03T00:00:00.000,3886,WAL-MART 0646 / ANAMOSA,101  115 ST,ANAMOSA,52205,POINT (-91.264479035 42.099566982),,JONES,1011200,STRAIGHT BOURBON WHISKIES,065,JIM BEAM BRANDS,19066,JIM BEAM,12,750,11.00,16.50,12,198.00,9.00,2.37
INV-64852300002,2023-12-03T00:00:00.000,3886,WAL-MART 0646 / ANAMOSA,101  115 ST,ANAMOSA,52205,POINT (-91.264479035 42.099566982),,JONES,1011200,STRAIGHT BOURBON WHISKIES,065,JIM BEAM BRANDS,19068,JIM BEAM,6,1750,21.50,32.25,6,193.50,10.50,2.77
INV-64852300003,2023-12-03T00:00:00.000,3886,WAL-MART 0646 / ANAMOSA,101  115 ST,ANAMOSA,52205,POINT (-91.264479035 42.099566982),,JONES,1011200,STRAIGHT BOURBON WHISKIES,065,JIM BEAM BRANDS,19476,MAKERS MARK,12,750,18.00,27.00,12,324.00,9.00,2.37
INV-64852300004,2023-12-03T00:00:00.000,3886,WAL-MART 0646 / ANAMOSA,101  115 ST,ANAMOSA,52205,POINT (-91.264479035 42.099566982),,JONES,1011200,STRAIGHT BOURBON WHISKIES,065,JIM BEAM BRANDS,20248,OLD CROW,6,1750,10.50,15.75,6,94.50,10.50,2.77
INV-64852300005,2023-12-03T00:00:00.000,3886,WAL-MART 0646 / ANAMOSA,101  115 ST,ANAMOSA,52205,POINT (-91.264479035 42.099566982),,JONES,1011100,BLENDED WHISKIES,065,JIM BEAM BRANDS,24458,KESSLER BLEND WHISKEY,6,1750,11.00,16.50,6,99.00,10.50,2.77
INV-64852300006,2023-12-03T00:00:00.000,3886,WAL-MART 0646 / ANAMOSA,101  115 ST,ANAMOSA,52205,POINT (-91.264479035 42.099566982),,JONES,1701100,TEMPORARY & SPECIALTY PACKAGES,065,JIM BEAM BRANDS,80250,JIM BEAM BOURBON CREAM,12,750,10.00,15.00,12,180.00,9.00,2.37
INV-64852400001,2023-12-03T00:00:00.000,5611,CASEY'S GENERAL STORE #2908 / ANAMOSA,1752 HWY 64 E,ANAMOSA,52205,POINT (-91.263157963 42.103598007),,JONES,1012100,CANADIAN WHISKIES,260,DIAGEO AMERICAS,10805,CROWN ROYAL REGAL APPLE,24,375,8.49,12.74,24,305.76,9.00,2.37
INV-64852400002,2023-12-03T00:00:00.000,5611,CASEY'S GENERAL STORE #2908 / ANAMOSA,1752 HWY 64 E,ANAMOSA,52205,POINT (-91.263157963 42.103598007),,JONES,1062400,SPICED RUM,260,DIAGEO AMERICAS,1799,CAPTAIN MORGAN ORIGINAL SPICED BARREL,6,1750,18.99,28.49,6,170.94,10.50,2.77
INV-64852400003,2023-12-03T00:00:00.000,5611,CASEY'S GENERAL STORE #2908 / ANAMOSA,1752 HWY 64 E,ANAMOSA,52205,POINT (-91.263157963 42.103598007),,JONES,1031100,AMERICAN VODKAS,434,LUXCO INC,36304,HAWKEYE VODKA,24,375,2.00,3.00,48,144.00,18.00,4.75
INV-64852400004,2023-12-03T00:00:00.000,5611,CASEY'S GENERAL STORE #2908 / ANAMOSA,1752 HWY 64 E,ANAMOSA,52205,POINT (-91.263157963 42.103598007),,JONES,1031100,AMERICAN VODKAS,434,LUXCO INC,36306,HAWKEYE VODKA,12,750,3.50,5.25,12,63.00,9.00,2.37
INV-64852400005,2023-12-03T00:00:00.000,5611,CASEY'S GENERAL STORE #2908 / ANAMOSA,1752 HWY 64 E,ANAMOSA,52205,POINT (-91.263157963 42.103598007),,JONES,1031100,AMERICAN VODKAS,434,LUXCO INC,36308,HAWKEYE VODKA,6,1750,7.50,11.25,6,67.50,10.50,2.77
INV-64852400006,2023-12-03T00:00:00.000,5611,CASEY'S GENERAL STORE #2908 / ANAMOSA,1752 HWY 64 E,ANAMOSA,52205,POINT (-91.263157963 42.103598007),,JONES,1031100,AMERICAN VODKAS,300,MCCORMICK DISTILLING CO.,36904,MCCORMICK 80PRF VODKA PET,24,375,1.84,2.76,48,132.48,18.00,4.75
INV-64852400007,2023-12-03T00:00:00.000,5611,CASEY'S GENERAL STORE #2908 / ANAMOSA,1752 HWY 64 E,ANAMOSA,52205,POINT (-91.263157963 42.103598007),,JONES,1031100,AMERICAN VODKAS,301,FIFTH GENERATION INC,38178,TITOS HANDMADE VODKA,6,1750,19.00,28.50,6,171.00,10.50,2.77
INV-64852400008,2023-12-03T00:00:00.000,5611,CASEY'S GENERAL STORE #2908 / ANAMOSA,1752 HWY 64 E,ANAMOSA,52205,POINT (-91.263157963 42.103598007),,JONES,1062400,SPICED RUM,260,DIAGEO AMERICAS,43334,CAPTAIN MORGAN ORIGINAL SPICED,24,375,5.24,7.86,24,188.64,9.00,2.37
INV-64852400009,2023-12-03T00:00:00.000,5611,CASEY'S GENERAL STORE #2908 / ANAMOSA,1752 HWY 64 E,ANAMOSA,52205,POINT (-91.263157963 42.103598007),,JONES,1062400,SPICED RUM,260,DIAGEO AMERICAS,43336,CAPTAIN MORGAN ORIGINAL SPICED,12,750,9.49,14.24,12,170.88,9.00,2.37
INV-64852400010,2023-12-03T00:00:00.000,5611,CASEY'S GENERAL STORE #2908 / ANAMOSA,1752 HWY 64 E,ANAMOSA,52205,POINT (-91.263157963 42.103598007),,JONES,1081600,WHISKEY LIQUEUR,421,SAZERAC COMPANY  INC,64866,FIREBALL CINNAMON WHISKEY,12,750,9.00,13.50,12,162.00,9.00,2.37
INV-64852400011,2023-12-03T00:00:00.000,5611,CASEY'S GENERAL STORE #2908 / ANAMOSA,1752 HWY 64 E,ANAMOSA,52205,POINT (-91.263157963 42.103598007),,JONES,1701100,TEMPORARY & SPECIALTY PACKAGES,346,OLE SMOKY DISTILLERY LLC,86715,OLE SMOKY SHINE NOG MOONSHINE,6,750,13.00,19.50,6,117.00,4.50,1.18
INV-64852400012,2023-12-03T00:00:00.000,5611,CASEY'S GENERAL STORE #2908 / ANAMOSA,1752 HWY 64 E,ANAMOSA,52205,POINT (-91.263157963 42.103598007),,JONES,1091300,NEUTRAL GRAIN SPIRITS FLAVORED,346,OLE SMOKY DISTILLERY LLC,86785,OLE SMOKY APPLE PIE MOONSHINE 70PRF,6,750,13.00,19.50,6,117.00,4.50,1.18
INV-64852500001,2023-12-03T00:00:00.000,5737,SUPER STOP & SHOP / BALDWIN,5358 HWY 64,BALDWIN,52207,POINT (-90.836072001 42.073752984),,JACKSON,1081600,WHISKEY LIQUEUR,421,SAZERAC COMPANY  INC,100413,FIREBALL CINNAMON WHISKEY PARTY BUCKET,1,50,51.60,77.40,1,77.40,0.05,0.01
INV-64852500002,2023-12-03T00:00:00.000,5737,SUPER STOP & SHOP / BALDWIN,5358 HWY 64,BALDWIN,52207,POINT (-90.836072001 42.073752984),,JACKSON,1701100,TEMPORARY & SPECIALTY PACKAGES,421,SAZERAC COMPANY  INC,100535,FIREBALL GIFT BOX,1,50,51.60,77.40,1,77.40,0.05,0.01
INV-64852500003,2023-12-03T00:00:00.000,5737,SUPER STOP & SHOP / BALDWIN,5358 HWY 64,BALDWIN,52207,POINT (-90.836072001 42.073752984),,JACKSON,1701100,TEMPORARY & SPECIALTY PACKAGES,421,SAZERAC COMPANY  INC,101568,DEVILS RIVER BOURBON W/2-50MLS,6,850,16.50,24.75,6,148.50,5.10,1.34
INV-64852500004,2023-12-03T00:00:00.000,5737,SUPER STOP & SHOP / BALDWIN,5358 HWY 64,BALDWIN,52207,POINT (-90.836072001 42.073752984),,JACKSON,1012100,CANADIAN WHISKIES,259,HEAVEN HILL BRANDS,11788,BLACK VELVET,6,1750,11.00,16.50,6,99.00,10.50,2.77
INV-64852500005,2023-12-03T00:00:00.000,5737,SUPER STOP & SHOP / BALDWIN,5358 HWY 64,BALDWIN,52207,POINT (-90.836072001 42.073752984),,JACKSON,1701100,TEMPORARY & SPECIALTY PACKAGES,421,SAZERAC COMPANY  INC,21538,STAGG BOURBON,6,750,27.50,41.25,1,41.25,0.75,0.19
INV-64852500006,2023-12-03T00:00:00.000,5737,SUPER STOP & SHOP / BALDWIN,5358 HWY 64,BALDWIN,52207,POINT (-90.836072001 42.073752984),,JACKSON,1081600,WHISKEY LIQUEUR,421,SAZERAC COMPANY  INC,64864,FIREBALL CINNAMON WHISKEY,24,375,5.33,8.00,24,192.00,9.00,2.37
INV-64852500007,2023-12-03T00:00:00.000,5737,SUPER STOP & SHOP / BALDWIN,5358 HWY 64,BALDWIN,52207,POINT (-90.836072001 42.073752984),,JACKSON,1081600,WHISKEY LIQUEUR,421,SAZERAC COMPANY  INC,64870,FIREBALL CINNAMON WHISKEY,48,100,1.00,1.50,48,72.00,4.80,1.26
INV-64852500008,2023-12-03T00:00:00.000,5737,SUPER STOP & SHOP / BALDWIN,5358 HWY 64,BALDWIN,52207,POINT (-90.836072001 42.073752984),,JACKSON,1081600,WHISKEY LIQUEUR,421,SAZERAC COMPANY  INC,65013,FIREBALL CINNAMON WHISKEY MINI SLEEVE,12,50,4.30,6.45,36,232.20,1.80,0.47
INV-64852500009,2023-12-03T00:00:00.000,5737,SUPER STOP & SHOP / BALDWIN,5358 HWY 64,BALDWIN,52207,POINT (-90.836072001 42.073752984),,JACKSON,1701100,TEMPORARY & SPECIALTY PACKAGES,260,DIAGEO AMERICAS,77903,SMIRNOFF PEPPERMINT TWIST,12,750,8.25,12.38,12,148.56,9.00,2.37
INV-64852600001,2023-12-03T00:00:00.000,4171,"BROTHERS MARKET, INC. / CASCADE",105 SE NIXON ST,CASCADE,52033,POINT (-90.992563977 42.306338014),,DUBUQUE,1012100,CANADIAN WHISKIES,259,HEAVEN HILL BRANDS,10550,BLACK VELVET TOASTED CARAMEL,12,750,5.74,8.61,4,34.44,3.00,0.79
INV-64852600002,2023-12-03T00:00:00.000,4171,"BROTHERS MARKET, INC. / CASCADE",105 SE NIXON ST,CASCADE,52033,POINT (-90.992563977 42.306338014),,DUBUQUE,1012100,CANADIAN WHISKIES,259,HEAVEN HILL BRANDS,11776,BLACK VELVET,12,750,5.50,8.25,12,99.00,9.00,2.37
INV-64852600003,2023-12-03T00:00:00.000,4171,"BROTHERS MARKET, INC. / CASCADE",105 SE NIXON ST,CASCADE,52033,POINT (-90.992563977 42.306338014),,DUBUQUE,1012100,CANADIAN WHISKIES,259,HEAVEN HILL BRANDS,11777,BLACK VELVET,12,1000,7.00,10.50,12,126.00,12.00,3.17
INV-64852600004,2023-12-03T00:00:00.000,4171,"BROTHERS MARKET, INC. / CASCADE",105 SE NIXON ST,CASCADE,52033,POINT (-90.992563977 42.306338014),,DUBUQUE,1012100,CANADIAN WHISKIES,259,HEAVEN HILL BRANDS,11786,BLACK VELVET PET,12,750,5.50,8.25,12,99.00,9.00,2.37
INV-64852600005,2023-12-03T00:00:00.000,4171,"BROTHERS MARKET, INC. / CASCADE",105 SE NIXON ST,CASCADE,52033,POINT (-90.992563977 42.306338014),,DUBUQUE,1011400,TENNESSEE WHISKIES,085,BROWN FORMAN CORP.,26906,JACK DANIELS SINGLE BARREL,6,750,28.50,42.75,3,128.25,2.25,0.59
INV-64852600006,2023-12-03T00:00:00.000,4171,"BROTHERS MARKET, INC. / CASCADE",105 SE NIXON ST,CASCADE,52033,POINT (-90.992563977 42.306338014),,DUBUQUE,1011100,BLENDED WHISKIES,368,PARK STREET IMPORTS,26949,REDNECK RIVIERA WHISKEY,6,750,12.00,18.00,4,72.00,3.00,0.79
INV-64852600007,2023-12-03T00:00:00.000,4171,"BROTHERS MARKET, INC. / CASCADE",105 SE NIXON ST,CASCADE,52033,POINT (-90.992563977 42.306338014),,DUBUQUE,1011100,BLENDED WHISKIES,395,PROXIMO,27605,TIN CUP,12,750,15.00,22.50,2,43.50,1.50,0.39
INV-64852600008,2023-12-03T00:00:00.000,4171,"BROTHERS MARKET, INC. / CASCADE",105 SE NIXON ST,CASCADE,52033,POINT (-90.992563977 42.306338014),,DUBUQUE,1031100,AMERICAN VODKAS,421,SAZERAC COMPANY  INC,35318,BARTON VODKA,6,1750,7.06,10.59,6,63.54,10.50,2.77
INV-64852600009,2023-12-03T00:00:00.000,4171,"BROTHERS MARKET, INC. / CASCADE",105 SE NIXON ST,CASCADE,52033,POINT (-90.992563977 42.306338014),,DUBUQUE,1031100,AMERICAN VODKAS,297,LAIRD & COMPANY,35926,FIVE O'CLOCK VODKA PET,12,750,3.52,5.28,12,63.36,9.00,2.37
INV-64852600010,2023-12-03T00:00:00.000,4171,"BROTHERS MARKET, INC. / CASCADE",105 SE NIXON ST,CASCADE,52033,POINT (-90.992563977 42.306338014),,DUBUQUE,1031100,AMERICAN VODKAS,421,SAZERAC COMPANY  INC,35948,FLEISCHMANNS 80PRF VODKA,6,1750,6.50,9.75,6,58.50,10.50,2.77
INV-64852600011,2023-12-03T00:00:00.000,4171,"BROTHERS MARKET, INC. / CASCADE",105 SE NIXON ST,CASCADE,52033,POINT (-90.992563977 42.306338014),,DUBUQUE,1031100,AMERICAN VODKAS,421,SAZERAC COMPANY  INC,36978,NIKOLAI VODKA,6,1750,7.06,10.59,6,63.54,10.50,2.77
INV-64852600012,2023-12-03T00:00:00.000,4171,"BROTHERS MARKET, INC. / CASCADE",105 SE NIXON ST,CASCADE,52033,POINT (-90.992563977 42.306338014),,DUBUQUE,1031100,AMERICAN VODKAS,301,FIFTH GENERATION INC,38176,TITOS HANDMADE VODKA,12,750,10.00,15.00,12,180.00,9.00,2.37
INV-64852600013,2023-12-03T00:00:00.000,4171,"BROTHERS MARKET, INC. / CASCADE",105 SE NIXON ST,CASCADE,52033,POINT (-90.992563977 42.306338014),,DUBUQUE,1031100,AMERICAN VODKAS,301,FIFTH GENERATION INC,38178,TITOS HANDMADE VODKA,6,1750,19.00,28.50,6,171.00,10.50,2.77
INV-64852600014,2023-12-03T00:00:00.000,4171,"BROTHERS MARKET, INC. / CASCADE",105 SE NIXON ST,CASCADE,52033,POINT (-90.992563977 42.306338014),,DUBUQUE,1031100,AMERICAN VODKAS,209,MINHAS MICRO DISTILLERY,38581,WISCONSIN CLUB VODKA,6,1750,8.17,12.26,6,73.56,10.50,2.77
INV-64852600015,2023-12-03T00:00:00.000,4171,"BROTHERS MARKET, INC. / CASCADE",105 SE NIXON ST,CASCADE,52033,POINT (-90.992563977 42.306338014),,DUBUQUE,1031200,AMERICAN FLAVORED VODKA,380,PHILLIPS BEVERAGE,41692,UV BLUE RASPBERRY,6,1750,11.50,17.25,4,69.00,7.00,1.84
INV-64852600016,2023-12-03T00:00:00.000,4171,"BROTHERS MARKET, INC. / CASCADE",105 SE NIXON ST,CASCADE,52033,POINT (-90.992563977 42.306338014),,DUBUQUE,1091200,NEUTRAL GRAIN SPIRITS,434,LUXCO INC,41846,EVERCLEAR 151,12,750,9.00,13.50,4,54.00,3.00,0.79
INV-64852600017,2023-12-03T00:00:00.000,4171,"BROTHERS MARKET, INC. / CASCADE",105 SE NIXON ST,CASCADE,52033,POINT (-90.992563977 42.306338014),,DUBUQUE,1031200,AMERICAN FLAVORED VODKA,380,PHILLIPS BEVERAGE,41989,UV CAKE,12,750,7.50,11.25,4,45.00,3.00,0.79
INV-64852600018,2023-12-03T00:00:00.000,4171,"BROTHERS MARKET, INC. / CASCADE",105 SE NIXON ST,CASCADE,52033,POINT (-90.992563977 42.306338014),,DUBUQUE,1062400,SPICED RUM,259,HEAVEN HILL BRANDS,43027,ADMIRAL NELSON SPICED,12,1000,8.00,12.00,12,144.00,12.00,3.17
INV-64852600019,2023-12-03T00:00:00.000,4171,"BROTHERS MARKET, INC. / CASCADE",105 SE NIXON ST,CASCADE,52033,POINT (-90.992563977 42.306338014),,DUBUQUE,1062400,SPICED RUM,259,HEAVEN HILL BRANDS,43028,ADMIRAL NELSON SPICED,6,1750,12.00,18.00,6,108.00,10.50,2.77
INV-64852600020,2023-12-03T00:00:00.000,4171,"BROTHERS MARKET, INC. / CASCADE",105 SE NIXON ST,CASCADE,52033,POINT (-90.992563977 42.306338014),,DUBUQUE,1062400,SPICED RUM,260,DIAGEO AMERICAS,43337,CAPTAIN MORGAN ORIGINAL SPICED,12,1000,12.99,19.49,12,233.88,12.00,3.17
INV-64852600021,2023-12-03T00:00:00.000,4171,"BROTHERS MARKET, INC. / CASCADE",105 SE NIXON ST,CASCADE,52033,POINT (-90.992563977 42.306338014),,DUBUQUE,1062500,FLAVORED RUM,421,SAZERAC COMPANY  INC,43410,PARROT BAY COCONUT,12,750,6.50,9.75,4,39.00,3.00,0.79
INV-64852600022,2023-12-03T00:00:00.000,4171,"BROTHERS MARKET, INC. / CASCADE",105 SE NIXON ST,CASCADE,52033,POINT (-90.992563977 42.306338014),,DUBUQUE,1081200,CREAM LIQUEURS,205,E & J GALLO WINERY,73053,RUMCHATA,6,1000,17.50,26.25,4,105.00,4.00,1.05
INV-64852600023,2023-12-03T00:00:00.000,4171,"BROTHERS MARKET, INC. / CASCADE",105 SE NIXON ST,CASCADE,52033,POINT (-90.992563977 42.306338014),,DUBUQUE,1031200,AMERICAN FLAVORED VODKA,260,DIAGEO AMERICAS,77683,SMIRNOFF KISSED CARAMEL,12,750,8.25,12.38,4,49.52,3.00,0.79
INV-64852600024,2023-12-03T00:00:00.000,4171,"BROTHERS MARKET, INC. / CASCADE",105 SE NIXON ST,CASCADE,52033,POINT (-90.992563977 42.306338014),,DUBUQUE,1081300,AMERICAN CORDIALS & LIQUEURS,305,MHW LTD,77730,TRAVIS HASSE COW PIE,6,750,9.67,14.51,3,43.53,2.25,0.59
INV-64852600025,2023-12-03T00:00:00.000,4171,"BROTHERS MARKET, INC. / CASCADE",105 SE NIXON ST,CASCADE,52033,POINT (-90.992563977 42.306338014),,DUBUQUE,1081300,AMERICAN CORDIALS & LIQUEURS,434,LUXCO INC,79336,PARAMOUNT CREME DE MENTHE GREEN,12,750,5.25,7.88,4,31.52,3.00,0.79
INV-64852600026,2023-12-03T00:00:00.000,4171,"BROTHERS MARKET, INC. / CASCADE",105 SE NIXON ST,CASCADE,52033,POINT (-90.992563977 42.306338014),,DUBUQUE,1081200,CREAM LIQUEURS,421,SAZERAC COMPANY  INC,80457,RYANS CREAM LIQUEUR,12,1000,7.23,10.85,4,43.40,4.00,1.05
INV-64852600027,2023-12-03T00:00:00.000,4171,"BROTHERS MARKET, INC. / CASCADE",105 SE NIXON ST,CASCADE,52033,POINT (-90.992563977 42.306338014),,DUBUQUE,1081400,AMERICAN SCHNAPPS,421,SAZERAC COMPANY  INC,84201,99 PINEAPPLE,12,750,7.50,11.25,4,45.00,3.00,0.79
INV-64852600028,2023-12-03T00:00:00.000,4171,"BROTHERS MARKET, INC. / CASCADE",105 SE NIXON ST,CASCADE,52033,POINT (-90.992563977 42.306338014),,DUBUQUE,1011400,TENNESSEE WHISKIES,085,BROWN FORMAN CORP.,86692,JACK DANIELS TENNESSEE FIRE,12,750,15.91,23.87,3,71.61,2.25,0.59
INV-64852700001,2023-12-03T00:00:00.000,5183,CASEY'S GENERAL STORE #77 / CASCADE,717 1ST  AVE,CASCADE,52033,POINT (-91.005478981 42.302058005),,DUBUQUE,1012100,CANADIAN WHISKIES,259,HEAVEN HILL BRANDS,11776,BLACK VELVET,12,750,5.50,8.25,12,99.00,9.00,2.37
INV-64852700002,2023-12-03T00:00:00.000,5183,CASEY'S GENERAL STORE #77 / CASCADE,717 1ST  AVE,CASCADE,52033,POINT (-91.005478981 42.302058005),,DUBUQUE,1012100,CANADIAN WHISKIES,259,HEAVEN HILL BRANDS,11788,BLACK VELVET,6,1750,11.00,16.50,12,198.00,21.00,5.54
INV-64852700003,2023-12-03T00:00:00.000,5183,CASEY'S GENERAL STORE #77 / CASCADE,717 1ST  AVE,CASCADE,52033,POINT (-91.005478981 42.302058005),,DUBUQUE,1012400,IRISH WHISKIES,370,PERNOD RICARD USA,15626,JAMESON,12,750,17.49,26.24,1,26.24,0.75,0.19
INV-64852700004,2023-12-03T00:00:00.000,5183,CASEY'S GENERAL STORE #77 / CASCADE,717 1ST  AVE,CASCADE,52033,POINT (-91.005478981 42.302058005),,DUBUQUE,1011400,TENNESSEE WHISKIES,085,BROWN FORMAN CORP.,26826,JACK DANIELS OLD #7 BLACK LABEL,12,750,15.91,23.87,12,286.44,9.00,2.37
INV-64852700005,2023-12-03T00:00:00.000,5183,CASEY'S GENERAL STORE #77 / CASCADE,717 1ST  AVE,CASCADE,52033,POINT (-91.005478981 42.302058005),,DUBUQUE,1031100,AMERICAN VODKAS,434,LUXCO INC,36304,HAWKEYE VODKA,24,375,2.00,3.00,24,72.00,9.00,2.37
INV-64852700006,2023-12-03T00:00:00.000,5183,CASEY'S GENERAL STORE #77 / CASCADE,717 1ST  AVE,CASCADE,52033,POINT (-91.005478981 42.302058005),,DUBUQUE,1031100,AMERICAN VODKAS,434,LUXCO INC,36306,HAWKEYE VODKA,12,750,3.50,5.25,12,63.00,9.00,2.37
INV-64852700007,2023-12-03T00:00:00.000,5183,CASEY'S GENERAL STORE #77 / CASCADE,717 1ST  AVE,CASCADE,52033,POINT (-91.005478981 42.302058005),,DUBUQUE,1031100,AMERICAN VODKAS,300,MCCORMICK DISTILLING CO.,36904,MCCORMICK 80PRF VODKA PET,24,375,1.84,2.76,48,132.48,18.00,4.75
INV-64852700008,2023-12-03T00:00:00.000,5183,CASEY'S GENERAL STORE #77 / CASCADE,717 1ST  AVE,CASCADE,52033,POINT (-91.005478981 42.302058005),,DUBUQUE,1031100,AMERICAN VODKAS,260,DIAGEO AMERICAS,37991,SMIRNOFF 80PRF MINI,12,50,7.47,11.21,24,269.04,1.20,0.31
INV-64852700009,2023-12-03T00:00:00.000,5183,CASEY'S GENERAL STORE #77 / CASCADE,717 1ST  AVE,CASCADE,52033,POINT (-91.005478981 42.302058005),,DUBUQUE,1031100,AMERICAN VODKAS,301,FIFTH GENERATION INC,38174,TITOS HANDMADE VODKA,12,375,5.42,8.13,12,97.56,4.50,1.18
INV-64852700010,2023-12-03T00:00:00.000,5183,CASEY'S GENERAL STORE #77 / CASCADE,717 1ST  AVE,CASCADE,52033,POINT (-91.005478981 42.302058005),,DUBUQUE,1031100,AMERICAN VODKAS,301,FIFTH GENERATION INC,38176,TITOS HANDMADE VODKA,12,750,10.00,15.00,12,180.00,9.00,2.37
INV-64852700011,2023-12-03T00:00:00.000,5183,CASEY'S GENERAL STORE #77 / CASCADE,717 1ST  AVE,CASCADE,52033,POINT (-91.005478981 42.302058005),,DUBUQUE,1031100,AMERICAN VODKAS,301,FIFTH GENERATION INC,38178,TITOS HANDMADE VODKA,6,1750,19.00,28.50,12,342.00,21.00,5.54
INV-64852700012,2023-12-03T00:00:00.000,5183,CASEY'S GENERAL STORE #77 / CASCADE,717 1ST  AVE,CASCADE,52033,POINT (-91.005478981 42.302058005),,DUBUQUE,1062200,WHITE RUM,035,BACARDI USA INC,43125,BACARDI SUPERIOR PET,12,750,8.76,13.14,5,65.70,3.75,0.99
INV-64852700013,2023-12-03T00:00:00.000,5183,CASEY'S GENERAL STORE #77 / CASCADE,717 1ST  AVE,CASCADE,52033,POINT (-91.005478981 42.302058005),,DUBUQUE,1081600,WHISKEY LIQUEUR,421,SAZERAC COMPANY  INC,65013,FIREBALL CINNAMON WHISKEY MINI SLEEVE,12,50,4.30,6.45,48,309.60,2.40,0.63
INV-64852700014,2023-12-03T00:00:00.000,5183,CASEY'S GENERAL STORE #77 / CASCADE,717 1ST  AVE,CASCADE,52033,POINT (-91.005478981 42.302058005),,DUBUQUE,1091300,NEUTRAL GRAIN SPIRITS FLAVORED,346,OLE SMOKY DISTILLERY LLC,80398,OLE SMOKY WHITE CHOCOLATE STRAWBERRY MOONSHINE MINI,8,50,8.75,13.13,8,105.04,0.40,0.10
INV-64852700015,2023-12-03T00:00:00.000,5183,CASEY'S GENERAL STORE #77 / CASCADE,717 1ST  AVE,CASCADE,52033,POINT (-91.005478981 42.302058005),,DUBUQUE,1081600,WHISKEY LIQUEUR,421,SAZERAC COMPANY  INC,86884,SOUTHERN COMFORT,24,375,4.78,7.17,10,71.70,3.75,0.99
INV-64852700016,2023-12-03T00:00:00.000,5183,CASEY'S GENERAL STORE #77 / CASCADE,717 1ST  AVE,CASCADE,52033,POINT (-91.005478981 42.302058005),,DUBUQUE,1022100,MIXTO TEQUILA,395,PROXIMO,87408,JOSE CUERVO ESPECIAL SILVER,12,750,12.00,18.00,1,18.00,0.75,0.19
INV-64852700017,2023-12-03T00:00:00.000,5183,CASEY'S GENERAL STORE #77 / CASCADE,717 1ST  AVE,CASCADE,52033,POINT (-91.005478981 42.302058005),,DUBUQUE,1022200,100% AGAVE TEQUILA,065,JIM BEAM BRANDS,88548,HORNITOS PLATA,12,750,15.00,22.50,2,45.00,1.50,0.39
INV-64852800001,2023-12-03T00:00:00.000,6249,HY-VEE DOLLAR FRESH / MONTICELLO,122 NORTH MAIN STREET,MONTICELLO,52310,POINT (-91.183028981 42.238459015),,JONES,1012100,CANADIAN WHISKIES,065,JIM BEAM BRANDS,10628,CANADIAN CLUB WHISKY,6,1750,14.50,21.75,6,130.50,10.50,2.77
INV-64852800002,2023-12-03T00:00:00.000,6249,HY-VEE DOLLAR FRESH / MONTICELLO,122 NORTH MAIN STREET,MONTICELLO,52310,POINT (-91.183028981 42.238459015),,JONES,1012100,CANADIAN WHISKIES,259,HEAVEN HILL BRANDS,11786,BLACK VELVET PET,12,750,5.50,8.25,12,99.00,9.00,2.37
INV-64852800003,2023-12-03T00:00:00.000,6249,HY-VEE DOLLAR FRESH / MONTICELLO,122 NORTH MAIN STREET,MONTICELLO,52310,POINT (-91.183028981 42.238459015),,JONES,1011600,STRAIGHT RYE WHISKIES,214,GOAMERICAGO BEVERAGES LLC / WHISTLEPIG,15187,WHISTLEPIG 6YR PIGGYBACK RYE,6,750,25.00,37.50,6,225.00,4.50,1.18
INV-64852800004,2023-12-03T00:00:00.000,6249,HY-VEE DOLLAR FRESH / MONTICELLO,122 NORTH MAIN STREET,MONTICELLO,52310,POINT (-91.183028981 42.238459015),,JONES,1011200,STRAIGHT BOURBON WHISKIES,125,CEDAR RIDGE VINEYARDS LL,17206,CEDAR RIDGE BOURBON,6,750,18.67,28.01,6,168.06,4.50,1.18
INV-64852800005,2023-12-03T00:00:00.000,6249,HY-VEE DOLLAR FRESH / MONTICELLO,122 NORTH MAIN STREET,MONTICELLO,52310,POINT (-91.183028981 42.238459015),,JONES,1062400,SPICED RUM,260,DIAGEO AMERICAS,1799,CAPTAIN MORGAN ORIGINAL SPICED BARREL,6,1750,18.99,28.49,18,512.82,31.50,8.32
INV-64852800006,2023-12-03T00:00:00.000,6249,HY-VEE DOLLAR FRESH / MONTICELLO,122 NORTH MAIN STREET,MONTICELLO,52310,POINT (-91.183028981 42.238459015),,JONES,1011200,STRAIGHT BOURBON WHISKIES,830,KIRIN BEER & SPIRITS OF AMERICA INC / FOUR ROSES DISTILLERY,18352,FOUR ROSES BOURBON,12,750,13.50,20.25,12,243.00,9.00,2.37
INV-64852800007,2023-12-03T00:00:00.000,6249,HY-VEE DOLLAR FRESH / MONTICELLO,122 NORTH MAIN STREET,MONTICELLO,52310,POINT (-91.183028981 42.238459015),,JONES,1011200,STRAIGHT BOURBON WHISKIES,065,JIM BEAM BRANDS,19064,JIM BEAM,24,375,5.60,8.40,24,201.60,9.00,2.37
INV-64852800008,2023-12-03T00:00:00.000,6249,HY-VEE DOLLAR FRESH / MONTICELLO,122 NORTH MAIN STREET,MONTICELLO,52310,POINT (-91.183028981 42.238459015),,JONES,1011200,STRAIGHT BOURBON WHISKIES,065,JIM BEAM BRANDS,19226,KNOB CREEK,6,750,21.00,31.50,6,189.00,4.50,1.18
INV-64852800009,2023-12-03T00:00:00.000,6249,HY-VEE DOLLAR FRESH / MONTICELLO,122 NORTH MAIN STREET,MONTICELLO,52310,POINT (-91.183028981 42.238459015),,JONES,1011200,STRAIGHT BOURBON WHISKIES,065,JIM BEAM BRANDS,19478,MAKERS MARK,6,1750,34.00,51.00,6,306.00,10.50,2.77
INV-64852800010,2023-12-03T00:00:00.000,6249,HY-VEE DOLLAR FRESH / MONTICELLO,122 NORTH MAIN STREET,MONTICELLO,52310,POINT (-91.183028981 42.238459015),,JONES,1011100,BLENDED WHISKIES,297,LAIRD & COMPANY,23626,FIVE STAR PET,12,750,3.99,5.99,12,71.88,9.00,2.37
INV-64852800011,2023-12-03T00:00:00.000,6249,HY-VEE DOLLAR FRESH / MONTICELLO,122 NORTH MAIN STREET,MONTICELLO,52310,POINT (-91.183028981 42.238459015),,JONES,1011100,BLENDED WHISKIES,297,LAIRD & COMPANY,23828,FIVE STAR,6,1750,8.39,12.59,6,75.54,10.50,2.77
INV-64852800012,2023-12-03T00:00:00.000,6249,HY-VEE DOLLAR FRESH / MONTICELLO,122 NORTH MAIN STREET,MONTICELLO,52310,POINT (-91.183028981 42.238459015),,JONES,1011100,BLENDED WHISKIES,260,DIAGEO AMERICAS,25608,SEAGRAMS 7 CROWN,6,1750,13.99,20.99,6,125.94,10.50,2.77
INV-64852800013,2023-12-03T00:00:00.000,6249,HY-VEE DOLLAR FRESH / MONTICELLO,122 NORTH MAIN STREET,MONTICELLO,52310,POINT (-91.183028981 42.238459015),,JONES,1011600,STRAIGHT RYE WHISKIES,255,INFINIUM SPIRITS,27102,TEMPLETON RYE 4YR,6,750,15.40,23.10,6,162.84,4.50,1.18
INV-64852800014,2023-12-03T00:00:00.000,6249,HY-VEE DOLLAR FRESH / MONTICELLO,122 NORTH MAIN STREET,MONTICELLO,52310,POINT (-91.183028981 42.238459015),,JONES,1041100,AMERICAN DRY GINS,259,HEAVEN HILL BRANDS,29568,BURNETTS GIN LONDON DRY,6,1750,10.00,15.00,6,90.00,10.50,2.77
INV-64852800015,2023-12-03T00:00:00.000,6249,HY-VEE DOLLAR FRESH / MONTICELLO,122 NORTH MAIN STREET,MONTICELLO,52310,POINT (-91.183028981 42.238459015),,JONES,1031100,AMERICAN VODKAS,434,LUXCO INC,36308,HAWKEYE VODKA,6,1750,7.50,11.25,6,67.50,10.50,2.77
INV-64852800016,2023-12-03T00:00:00.000,6249,HY-VEE DOLLAR FRESH / MONTICELLO,122 NORTH MAIN STREET,MONTICELLO,52310,POINT (-91.183028981 42.238459015),,JONES,1031100,AMERICAN VODKAS,421,SAZERAC COMPANY  INC,37938,SKOL VODKA,6,1750,7.12,10.68,6,64.08,10.50,2.77
INV-64852800017,2023-12-03T00:00:00.000,6249,HY-VEE DOLLAR FRESH / MONTICELLO,122 NORTH MAIN STREET,MONTICELLO,52310,POINT (-91.183028981 42.238459015),,JONES,1031100,AMERICAN VODKAS,260,DIAGEO AMERICAS,38008,SMIRNOFF 80PRF PET,6,1750,14.75,22.13,12,265.56,21.00,5.54
INV-64852800018,2023-12-03T00:00:00.000,6249,HY-VEE DOLLAR FRESH / MONTICELLO,122 NORTH MAIN STREET,MONTICELLO,52310,POINT (-91.183028981 42.238459015),,JONES,1031100,AMERICAN VODKAS,301,FIFTH GENERATION INC,38176,TITOS HANDMADE VODKA,12,750,10.00,15.00,12,180.00,9.00,2.37
INV-64852800019,2023-12-03T00:00:00.000,6249,HY-VEE DOLLAR FRESH / MONTICELLO,122 NORTH MAIN STREET,MONTICELLO,52310,POINT (-91.183028981 42.238459015),,JONES,1031200,AMERICAN FLAVORED VODKA,380,PHILLIPS BEVERAGE,41693,UV BLUE RASPBERRY,12,750,7.50,11.25,12,135.00,9.00,2.37
INV-64852800020,2023-12-03T00:00:00.000,6249,HY-VEE DOLLAR FRESH / MONTICELLO,122 NORTH MAIN STREET,MONTICELLO,52310,POINT (-91.183028981 42.238459015),,JONES,1062500,FLAVORED RUM,370,PERNOD RICARD USA,42718,MALIBU COCONUT,6,1750,19.49,29.24,6,175.44,10.50,2.77
INV-64852800021,2023-12-03T00:00:00.000,6249,HY-VEE DOLLAR FRESH / MONTICELLO,122 NORTH MAIN STREET,MONTICELLO,52310,POINT (-91.183028981 42.238459015),,JONES,1051100,AMERICAN BRANDIES,434,LUXCO INC,55086,PARAMOUNT BLACKBERRY BRANDY,12,750,5.75,8.63,12,103.56,9.00,2.37
INV-64852800022,2023-12-03T00:00:00.000,6249,HY-VEE DOLLAR FRESH / MONTICELLO,122 NORTH MAIN STREET,MONTICELLO,52310,POINT (-91.183028981 42.238459015),,JONES,1071000,COCKTAILS/RTD,260,DIAGEO AMERICAS,58801,CAPTAIN MORGAN LONG ISLAND ICED TEA,6,1750,11.00,16.50,6,99.00,10.50,2.77
INV-64852800023,2023-12-03T00:00:00.000,6249,HY-VEE DOLLAR FRESH / MONTICELLO,122 NORTH MAIN STREET,MONTICELLO,52310,POINT (-91.183028981 42.238459015),,JONES,1071000,COCKTAILS/RTD,395,PROXIMO,58838,JOSE CUERVO AUTHENTIC LIME MARGARITA,6,1750,8.74,13.11,6,78.66,10.50,2.77
INV-64852800024,2023-12-03T00:00:00.000,6249,HY-VEE DOLLAR FRESH / MONTICELLO,122 NORTH MAIN STREET,MONTICELLO,52310,POINT (-91.183028981 42.238459015),,JONES,1071000,COCKTAILS/RTD,395,PROXIMO,58872,JOSE CUERVO AUTHENTIC LIGHT LIME MARGARITA,6,1750,8.74,13.11,6,78.66,10.50,2.77
INV-64852800025,2023-12-03T00:00:00.000,6249,HY-VEE DOLLAR FRESH / MONTICELLO,122 NORTH MAIN STREET,MONTICELLO,52310,POINT (-91.183028981 42.238459015),,JONES,1011100,BLENDED WHISKIES,368,PARK STREET IMPORTS,66725,SHANKYS WHIP BLACK SPIRITS,6,750,14.54,21.81,6,130.86,4.50,1.18
INV-64852800026,2023-12-03T00:00:00.000,6249,HY-VEE DOLLAR FRESH / MONTICELLO,122 NORTH MAIN STREET,MONTICELLO,52310,POINT (-91.183028981 42.238459015),,JONES,1081200,CREAM LIQUEURS,260,DIAGEO AMERICAS,68036,BAILEYS ORIGINAL IRISH CREAM,12,750,16.49,24.74,12,296.88,9.00,2.37
INV-64852800027,2023-12-03T00:00:00.000,6249,HY-VEE DOLLAR FRESH / MONTICELLO,122 NORTH MAIN STREET,MONTICELLO,52310,POINT (-91.183028981 42.238459015),,JONES,1701100,TEMPORARY & SPECIALTY PACKAGES,205,E & J GALLO WINERY,73065,RUMCHATA PEPPERMINT BARK,12,750,14.00,21.00,12,252.00,9.00,2.37
INV-64852800028,2023-12-03T00:00:00.000,6249,HY-VEE DOLLAR FRESH / MONTICELLO,122 NORTH MAIN STREET,MONTICELLO,52310,POINT (-91.183028981 42.238459015),,JONES,1091300,NEUTRAL GRAIN SPIRITS FLAVORED,346,OLE SMOKY DISTILLERY LLC,80365,OLE SMOKY WHITE CHOCOLATE STRAWBERRY CREAM,6,750,13.00,19.50,6,117.00,4.50,1.18
INV-64852800029,2023-12-03T00:00:00.000,6249,HY-VEE DOLLAR FRESH / MONTICELLO,122 NORTH MAIN STREET,MONTICELLO,52310,POINT (-91.183028981 42.238459015),,JONES,1081400,AMERICAN SCHNAPPS,065,JIM BEAM BRANDS,82840,DEKUYPER LUSCIOUS PEACHTREE PET,12,750,6.75,10.13,12,121.56,9.00,2.37
INV-64852800030,2023-12-03T00:00:00.000,6249,HY-VEE DOLLAR FRESH / MONTICELLO,122 NORTH MAIN STREET,MONTICELLO,52310,POINT (-91.183028981 42.238459015),,JONES,1701100,TEMPORARY & SPECIALTY PACKAGES,370,PERNOD RICARD USA,86007,SKREWBALL EGGNOG,6,750,9.99,14.99,6,89.94,4.50,1.18
INV-64852800031,2023-12-03T00:00:00.000,6249,HY-VEE DOLLAR FRESH / MONTICELLO,122 NORTH MAIN STREET,MONTICELLO,52310,POINT (-91.183028981 42.238459015),,JONES,1081600,WHISKEY LIQUEUR,421,SAZERAC COMPANY  INC,86888,SOUTHERN COMFORT PET,6,1750,20.26,30.39,6,182.34,10.50,2.77
INV-64852900001,2023-12-03T00:00:00.000,4252,FAREWAY STORES #840 / MONTICELLO,433 NORTH FARLEY STREET,MONTICELLO,52310,POINT (-91.191546 42.241644013),,JONES,1012100,CANADIAN WHISKIES,434,LUXCO INC,13038,CANADIAN RESERVE WHISKY,6,1750,8.75,13.13,12,157.56,21.00,5.54
INV-64852900002,2023-12-03T00:00:00.000,4252,FAREWAY STORES #840 / MONTICELLO,433 NORTH FARLEY STREET,MONTICELLO,52310,POINT (-91.191546 42.241644013),,JONES,1012100,CANADIAN WHISKIES,395,PROXIMO,14192,PENDLETON CANADIAN WHISKEY,12,750,15.00,22.50,12,270.00,9.00,2.37
INV-64852900003,2023-12-03T00:00:00.000,4252,FAREWAY STORES #840 / MONTICELLO,433 NORTH FARLEY STREET,MONTICELLO,52310,POINT (-91.191546 42.241644013),,JONES,1011200,STRAIGHT BOURBON WHISKIES,065,JIM BEAM BRANDS,16685,BASIL HAYDEN TOAST,6,750,30.00,45.00,1,41.25,0.75,0.19
INV-64852900004,2023-12-03T00:00:00.000,4252,FAREWAY STORES #840 / MONTICELLO,433 NORTH FARLEY STREET,MONTICELLO,52310,POINT (-91.191546 42.241644013),,JONES,1011200,STRAIGHT BOURBON WHISKIES,259,HEAVEN HILL BRANDS,17956,EVAN WILLIAMS BLACK,12,750,9.00,13.50,12,162.00,9.00,2.37
INV-64852900005,2023-12-03T00:00:00.000,4252,FAREWAY STORES #840 / MONTICELLO,433 NORTH FARLEY STREET,MONTICELLO,52310,POINT (-91.191546 42.241644013),,JONES,1041200,FLAVORED GIN,654,REVELTON DISTILLING COMPANY,33180,REVELTON MULBERRY GIN,6,750,17.50,26.25,1,26.25,0.75,0.19
INV-64852900006,2023-12-03T00:00:00.000,4252,FAREWAY STORES #840 / MONTICELLO,433 NORTH FARLEY STREET,MONTICELLO,52310,POINT (-91.191546 42.241644013),,JONES,1031100,AMERICAN VODKAS,566,"FOUNDRY DISTILLING COMPANY, LLC",37095,BUTCHERS BLOCK VODKA,12,750,8.43,12.65,24,303.60,18.00,4.75
INV-64852900007,2023-12-03T00:00:00.000,4252,FAREWAY STORES #840 / MONTICELLO,433 NORTH FARLEY STREET,MONTICELLO,52310,POINT (-91.191546 42.241644013),,JONES,1012300,SINGLE MALT SCOTCH,370,PERNOD RICARD USA,5036,GLENLIVET 12YR,12,750,27.98,41.97,1,41.97,0.75,0.19
INV-64852900008,2023-12-03T00:00:00.000,4252,FAREWAY STORES #840 / MONTICELLO,433 NORTH FARLEY STREET,MONTICELLO,52310,POINT (-91.191546 42.241644013),,JONES,1051100,AMERICAN BRANDIES,259,HEAVEN HILL BRANDS,52316,CHRISTIAN BROS BRANDY,12,750,6.50,9.75,12,108.00,9.00,2.37
INV-64852900009,2023-12-03T00:00:00.000,4252,FAREWAY STORES #840 / MONTICELLO,433 NORTH FARLEY STREET,MONTICELLO,52310,POINT (-91.191546 42.241644013),,JONES,1081600,WHISKEY LIQUEUR,421,SAZERAC COMPANY  INC,64866,FIREBALL CINNAMON WHISKEY,12,750,9.00,13.50,12,162.00,9.00,2.37
INV-64852900010,2023-12-03T00:00:00.000,4252,FAREWAY STORES #840 / MONTICELLO,433 NORTH FARLEY STREET,MONTICELLO,52310,POINT (-91.191546 42.241644013),,JONES,1081200,CREAM LIQUEURS,205,E & J GALLO WINERY,73055,RUMCHATA,12,750,14.00,21.00,12,252.00,9.00,2.37
INV-64852900011,2023-12-03T00:00:00.000,4252,FAREWAY STORES #840 / MONTICELLO,433 NORTH FARLEY STREET,MONTICELLO,52310,POINT (-91.191546 42.241644013),,JONES,1031200,AMERICAN FLAVORED VODKA,260,DIAGEO AMERICAS,77683,SMIRNOFF KISSED CARAMEL,12,750,8.25,12.38,2,24.76,1.50,0.39
INV-64852900012,2023-12-03T00:00:00.000,4252,FAREWAY STORES #840 / MONTICELLO,433 NORTH FARLEY STREET,MONTICELLO,52310,POINT (-91.191546 42.241644013),,JONES,1031200,AMERICAN FLAVORED VODKA,260,DIAGEO AMERICAS,77852,SMIRNOFF WATERMELON,12,750,8.25,12.38,1,12.38,0.75,0.19
INV-64852900013,2023-12-03T00:00:00.000,4252,FAREWAY STORES #840 / MONTICELLO,433 NORTH FARLEY STREET,MONTICELLO,52310,POINT (-91.191546 42.241644013),,JONES,1081200,CREAM LIQUEURS,421,SAZERAC COMPANY  INC,80023,BUFFALO TRACE BOURBON CREAM,12,750,11.00,16.50,1,16.50,0.75,0.19
INV-64852900014,2023-12-03T00:00:00.000,4252,FAREWAY STORES #840 / MONTICELLO,433 NORTH FARLEY STREET,MONTICELLO,52310,POINT (-91.191546 42.241644013),,JONES,1091300,NEUTRAL GRAIN SPIRITS FLAVORED,346,OLE SMOKY DISTILLERY LLC,86843,OLE SMOKY SALTY CARAMEL WHISKEY,6,750,11.00,16.50,6,99.00,4.50,1.18
INV-64852900015,2023-12-03T00:00:00.000,4252,FAREWAY STORES #840 / MONTICELLO,433 NORTH FARLEY STREET,MONTICELLO,52310,POINT (-91.191546 42.241644013),,JONES,1022200,100% AGAVE TEQUILA,035,BACARDI USA INC,88296,PATRON SILVER,12,750,28.00,42.00,2,84.00,1.50,0.39
INV-64852900016,2023-12-03T00:00:00.000,4252,FAREWAY STORES #840 / MONTICELLO,433 NORTH FARLEY STREET,MONTICELLO,52310,POINT (-91.191546 42.241644013),,JONES,1901000,SPECIAL ORDER ITEMS,380,PHILLIPS BEVERAGE,903881,SOOH PHILLIPS ROOT BEER SCHNAPPS,6,1750,9.33,14.00,6,84.00,10.50,2.77
INV-64853000001,2023-12-03T00:00:00.000,4252,FAREWAY STORES #840 / MONTICELLO,433 NORTH FARLEY STREET,MONTICELLO,52310,POINT (-91.191546 42.241644013),,JONES,1012100,CANADIAN WHISKIES,259,HEAVEN HILL BRANDS,10548,BLACK VELVET TOASTED CARAMEL,6,1750,11.00,16.50,12,198.00,21.00,5.54
INV-64853000002,2023-12-03T00:00:00.000,4252,FAREWAY STORES #840 / MONTICELLO,433 NORTH FARLEY STREET,MONTICELLO,52310,POINT (-91.191546 42.241644013),,JONES,1012100,CANADIAN WHISKIES,259,HEAVEN HILL BRANDS,11588,BLACK VELVET RESERVE,6,1750,15.00,22.50,6,135.00,10.50,2.77
INV-64853000003,2023-12-03T00:00:00.000,4252,FAREWAY STORES #840 / MONTICELLO,433 NORTH FARLEY STREET,MONTICELLO,52310,POINT (-91.191546 42.241644013),,JONES,1012100,CANADIAN WHISKIES,259,HEAVEN HILL BRANDS,11788,BLACK VELVET,6,1750,11.00,16.50,132,2178.00,231.00,61.02
INV-64853000004,2023-12-03T00:00:00.000,4252,FAREWAY STORES #840 / MONTICELLO,433 NORTH FARLEY STREET,MONTICELLO,52310,POINT (-91.191546 42.241644013),,JONES,1031100,AMERICAN VODKAS,421,SAZERAC COMPANY  INC,38088,PLATINUM 7X VODKA,6,1750,9.44,14.16,120,1699.20,210.00,55.47
INV-64853000005,2023-12-03T00:00:00.000,4252,FAREWAY STORES #840 / MONTICELLO,433 NORTH FARLEY STREET,MONTICELLO,52310,POINT (-91.191546 42.241644013),,JONES,1082100,IMPORTED CORDIALS & LIQUEURS,368,PARK STREET IMPORTS,65543,LICOR 43 CHOCOLATE,6,750,14.50,21.75,1,21.75,0.75,0.19
INV-64853100001,2023-12-03T00:00:00.000,010232,HOMETOWN MARKET / CENTRAL CITY,9 SOUTH AVENUE,CENTRAL CITY,52214,POINT (-91.530334983 42.198901001),,LINN,1012100,CANADIAN WHISKIES,260,DIAGEO AMERICAS,11298,CROWN ROYAL,6,1750,33.99,50.99,6,305.94,10.50,2.77
INV-64853100002,2023-12-03T00:00:00.000,010232,HOMETOWN MARKET / CENTRAL CITY,9 SOUTH AVENUE,CENTRAL CITY,52214,POINT (-91.530334983 42.198901001),,LINN,1062400,SPICED RUM,260,DIAGEO AMERICAS,1799,CAPTAIN MORGAN ORIGINAL SPICED BARREL,6,1750,18.99,28.49,6,170.94,10.50,2.77
INV-64853100003,2023-12-03T00:00:00.000,010232,HOMETOWN MARKET / CENTRAL CITY,9 SOUTH AVENUE,CENTRAL CITY,52214,POINT (-91.530334983 42.198901001),,LINN,1011200,STRAIGHT BOURBON WHISKIES,287,CHATHAM IMPORTS INC,19880,MICHTERS US*1 SMALL BATCH,6,750,24.50,36.75,1,36.75,0.75,0.19
INV-64853100004,2023-12-03T00:00:00.000,010232,HOMETOWN MARKET / CENTRAL CITY,9 SOUTH AVENUE,CENTRAL CITY,52214,POINT (-91.530334983 42.198901001),,LINN,1011100,BLENDED WHISKIES,260,DIAGEO AMERICAS,25607,SEAGRAMS 7 CROWN,12,1000,8.49,12.74,12,152.88,12.00,3.17
INV-64853100005,2023-12-03T00:00:00.000,010232,HOMETOWN MARKET / CENTRAL CITY,9 SOUTH AVENUE,CENTRAL CITY,52214,POINT (-91.530334983 42.198901001),,LINN,1011100,BLENDED WHISKIES,260,DIAGEO AMERICAS,25608,SEAGRAMS 7 CROWN,6,1750,13.99,20.99,12,251.88,21.00,5.54
INV-64853100006,2023-12-03T00:00:00.000,010232,HOMETOWN MARKET / CENTRAL CITY,9 SOUTH AVENUE,CENTRAL CITY,52214,POINT (-91.530334983 42.198901001),,LINN,1031100,AMERICAN VODKAS,434,LUXCO INC,36305,HAWKEYE VODKA PET,12,750,3.50,5.25,12,63.00,9.00,2.37
INV-64853100007,2023-12-03T00:00:00.000,010232,HOMETOWN MARKET / CENTRAL CITY,9 SOUTH AVENUE,CENTRAL CITY,52214,POINT (-91.530334983 42.198901001),,LINN,1031100,AMERICAN VODKAS,434,LUXCO INC,36308,HAWKEYE VODKA,6,1750,7.50,11.25,6,67.50,10.50,2.77
INV-64853100008,2023-12-03T00:00:00.000,010232,HOMETOWN MARKET / CENTRAL CITY,9 SOUTH AVENUE,CENTRAL CITY,52214,POINT (-91.530334983 42.198901001),,LINN,1031100,AMERICAN VODKAS,255,INFINIUM SPIRITS,37888,SEAGRAMS EXTRA SMOOTH VODKA,6,1750,10.00,15.00,6,90.00,10.50,2.77
INV-64853100009,2023-12-03T00:00:00.000,010232,HOMETOWN MARKET / CENTRAL CITY,9 SOUTH AVENUE,CENTRAL CITY,52214,POINT (-91.530334983 42.198901001),,LINN,1062500,FLAVORED RUM,065,JIM BEAM BRANDS,44419,CRUZAN BLACK CHERRY,12,750,7.00,10.50,1,10.50,0.75,0.19
INV-64853100010,2023-12-03T00:00:00.000,010232,HOMETOWN MARKET / CENTRAL CITY,9 SOUTH AVENUE,CENTRAL CITY,52214,POINT (-91.530334983 42.198901001),,LINN,1062500,FLAVORED RUM,065,JIM BEAM BRANDS,44557,CRUZAN STRAWBERRY,12,750,7.00,10.50,2,21.00,1.50,0.39
INV-64853100011,2023-12-03T00:00:00.000,010232,HOMETOWN MARKET / CENTRAL CITY,9 SOUTH AVENUE,CENTRAL CITY,52214,POINT (-91.530334983 42.198901001),,LINN,1081600,WHISKEY LIQUEUR,421,SAZERAC COMPANY  INC,64870,FIREBALL CINNAMON WHISKEY,48,100,1.00,1.50,48,72.00,4.80,1.26
INV-64853100012,2023-12-03T00:00:00.000,010232,HOMETOWN MARKET / CENTRAL CITY,9 SOUTH AVENUE,CENTRAL CITY,52214,POINT (-91.530334983 42.198901001),,LINN,1081600,WHISKEY LIQUEUR,421,SAZERAC COMPANY  INC,65013,FIREBALL CINNAMON WHISKEY MINI SLEEVE,12,50,4.30,6.45,12,77.40,0.60,0.15
INV-64853100013,2023-12-03T00:00:00.000,010232,HOMETOWN MARKET / CENTRAL CITY,9 SOUTH AVENUE,CENTRAL CITY,52214,POINT (-91.530334983 42.198901001),,LINN,1031200,AMERICAN FLAVORED VODKA,260,DIAGEO AMERICAS,77683,SMIRNOFF KISSED CARAMEL,12,750,8.25,12.38,1,12.38,0.75,0.19
INV-64853200001,2023-12-03T00:00:00.000,4439,CENTER POINT FOODS,800 FORD LANE,CENTER POINT,52213,POINT (-91.776110992 42.177283988),,LINN,1012100,CANADIAN WHISKIES,260,DIAGEO AMERICAS,10807,CROWN ROYAL REGAL APPLE,12,750,17.49,26.24,4,104.96,3.00,0.79
INV-64853200002,2023-12-03T00:00:00.000,4439,CENTER POINT FOODS,800 FORD LANE,CENTER POINT,52213,POINT (-91.776110992 42.177283988),,LINN,1012100,CANADIAN WHISKIES,260,DIAGEO AMERICAS,11296,CROWN ROYAL,12,750,17.49,26.24,4,104.96,3.00,0.79
INV-64853200003,2023-12-03T00:00:00.000,4439,CENTER POINT FOODS,800 FORD LANE,CENTER POINT,52213,POINT (-91.776110992 42.177283988),,LINN,1012100,CANADIAN WHISKIES,259,HEAVEN HILL BRANDS,11788,BLACK VELVET,6,1750,11.00,16.50,6,99.00,10.50,2.77
INV-64853200004,2023-12-03T00:00:00.000,4439,CENTER POINT FOODS,800 FORD LANE,CENTER POINT,52213,POINT (-91.776110992 42.177283988),,LINN,1031100,AMERICAN VODKAS,297,LAIRD & COMPANY,35918,FIVE O'CLOCK VODKA,6,1750,7.72,11.58,6,69.48,10.50,2.77
INV-64853200005,2023-12-03T00:00:00.000,4439,CENTER POINT FOODS,800 FORD LANE,CENTER POINT,52213,POINT (-91.776110992 42.177283988),,LINN,1031100,AMERICAN VODKAS,777,"BLUE OX SPIRITS, INC.",36875,BLUE OX VODKA,6,1750,7.63,11.45,6,68.70,10.50,2.77
INV-64853200006,2023-12-03T00:00:00.000,4439,CENTER POINT FOODS,800 FORD LANE,CENTER POINT,52213,POINT (-91.776110992 42.177283988),,LINN,1031100,AMERICAN VODKAS,380,PHILLIPS BEVERAGE,37336,UV VODKA,12,750,7.00,10.50,12,126.00,9.00,2.37
INV-64853200007,2023-12-03T00:00:00.000,4439,CENTER POINT FOODS,800 FORD LANE,CENTER POINT,52213,POINT (-91.776110992 42.177283988),,LINN,1031100,AMERICAN VODKAS,301,FIFTH GENERATION INC,38178,TITOS HANDMADE VODKA,6,1750,19.00,28.50,6,171.00,10.50,2.77
INV-64853200008,2023-12-03T00:00:00.000,4439,CENTER POINT FOODS,800 FORD LANE,CENTER POINT,52213,POINT (-91.776110992 42.177283988),,LINN,1062400,SPICED RUM,259,HEAVEN HILL BRANDS,43028,ADMIRAL NELSON SPICED,6,1750,12.00,18.00,6,108.00,10.50,2.77
INV-64853200009,2023-12-03T00:00:00.000,4439,CENTER POINT FOODS,800 FORD LANE,CENTER POINT,52213,POINT (-91.776110992 42.177283988),,LINN,1062500,FLAVORED RUM,035,BACARDI USA INC,43136,BACARDI LIMON,12,750,8.76,13.14,2,26.28,1.50,0.39
INV-64853200010,2023-12-03T00:00:00.000,4439,CENTER POINT FOODS,800 FORD LANE,CENTER POINT,52213,POINT (-91.776110992 42.177283988),,LINN,1051100,AMERICAN BRANDIES,434,LUXCO INC,55086,PARAMOUNT BLACKBERRY BRANDY,12,750,5.75,8.63,3,25.89,2.25,0.59
INV-64853200011,2023-12-03T00:00:00.000,4439,CENTER POINT FOODS,800 FORD LANE,CENTER POINT,52213,POINT (-91.776110992 42.177283988),,LINN,1051100,AMERICAN BRANDIES,434,LUXCO INC,55506,PARAMOUNT CHERRY BRANDY,12,750,5.75,8.63,2,17.26,1.50,0.39
INV-64853200012,2023-12-03T00:00:00.000,4439,CENTER POINT FOODS,800 FORD LANE,CENTER POINT,52213,POINT (-91.776110992 42.177283988),,LINN,1071000,COCKTAILS/RTD,421,SAZERAC COMPANY  INC,59037,DESERT ISLAND LONG ISLAND ICED TEA COCKTAIL,12,1000,4.75,7.13,2,14.26,2.00,0.52
INV-64853200013,2023-12-03T00:00:00.000,4439,CENTER POINT FOODS,800 FORD LANE,CENTER POINT,52213,POINT (-91.776110992 42.177283988),,LINN,1082200,IMPORTED SCHNAPPS,421,SAZERAC COMPANY  INC,69611,DR MCGILLICUDDYS APPLE PIE,12,750,8.89,13.34,2,25.98,1.50,0.39
INV-64853200014,2023-12-03T00:00:00.000,4439,CENTER POINT FOODS,800 FORD LANE,CENTER POINT,52213,POINT (-91.776110992 42.177283988),,LINN,1081300,AMERICAN CORDIALS & LIQUEURS,434,LUXCO INC,78456,PARAMOUNT CREME DE CACAO DARK,12,750,5.25,7.88,1,7.88,0.75,0.19
INV-64853200015,2023-12-03T00:00:00.000,4439,CENTER POINT FOODS,800 FORD LANE,CENTER POINT,52213,POINT (-91.776110992 42.177283988),,LINN,1081400,AMERICAN SCHNAPPS,434,LUXCO INC,81208,PARAMOUNT PEPPERMINT SCHNAPPS,6,1750,8.00,12.00,6,72.00,10.50,2.77
INV-64853300001,2023-12-03T00:00:00.000,5801,CASEY'S GENERAL STORE #2647 / CENTER POINT,4397 N CENTER POINT,CENTER POINT,52213,POINT (-91.774068992 42.18312102),,LINN,1012100,CANADIAN WHISKIES,260,DIAGEO AMERICAS,10805,CROWN ROYAL REGAL APPLE,24,375,8.49,12.74,24,305.76,9.00,2.37
INV-64853300002,2023-12-03T00:00:00.000,5801,CASEY'S GENERAL STORE #2647 / CENTER POINT,4397 N CENTER POINT,CENTER POINT,52213,POINT (-91.774068992 42.18312102),,LINN,1012100,CANADIAN WHISKIES,260,DIAGEO AMERICAS,11296,CROWN ROYAL,12,750,17.49,26.24,12,314.88,9.00,2.37
INV-64853300003,2023-12-03T00:00:00.000,5801,CASEY'S GENERAL STORE #2647 / CENTER POINT,4397 N CENTER POINT,CENTER POINT,52213,POINT (-91.774068992 42.18312102),,LINN,1012100,CANADIAN WHISKIES,259,HEAVEN HILL BRANDS,11776,BLACK VELVET,12,750,5.50,8.25,12,99.00,9.00,2.37
INV-64853300004,2023-12-03T00:00:00.000,5801,CASEY'S GENERAL STORE #2647 / CENTER POINT,4397 N CENTER POINT,CENTER POINT,52213,POINT (-91.774068992 42.18312102),,LINN,1012100,CANADIAN WHISKIES,259,HEAVEN HILL BRANDS,11788,BLACK VELVET,6,1750,11.00,16.50,6,99.00,10.50,2.77
INV-64853300005,2023-12-03T00:00:00.000,5801,CASEY'S GENERAL STORE #2647 / CENTER POINT,4397 N CENTER POINT,CENTER POINT,52213,POINT (-91.774068992 42.18312102),,LINN,1062400,SPICED RUM,260,DIAGEO AMERICAS,1799,CAPTAIN MORGAN ORIGINAL SPICED BARREL,6,1750,18.99,28.49,6,170.94,10.50,2.77
INV-64853300006,2023-12-03T00:00:00.000,5801,CASEY'S GENERAL STORE #2647 / CENTER POINT,4397 N CENTER POINT,CENTER POINT,52213,POINT (-91.774068992 42.18312102),,LINN,1031100,AMERICAN VODKAS,434,LUXCO INC,36304,HAWKEYE VODKA,24,375,2.00,3.00,24,72.00,9.00,2.37
INV-64853300007,2023-12-03T00:00:00.000,5801,CASEY'S GENERAL STORE #2647 / CENTER POINT,4397 N CENTER POINT,CENTER POINT,52213,POINT (-91.774068992 42.18312102),,LINN,1031100,AMERICAN VODKAS,434,LUXCO INC,36306,HAWKEYE VODKA,12,750,3.50,5.25,12,63.00,9.00,2.37
INV-64853300008,2023-12-03T00:00:00.000,5801,CASEY'S GENERAL STORE #2647 / CENTER POINT,4397 N CENTER POINT,CENTER POINT,52213,POINT (-91.774068992 42.18312102),,LINN,1031100,AMERICAN VODKAS,434,LUXCO INC,36308,HAWKEYE VODKA,6,1750,7.50,11.25,6,67.50,10.50,2.77
INV-64853300009,2023-12-03T00:00:00.000,5801,CASEY'S GENERAL STORE #2647 / CENTER POINT,4397 N CENTER POINT,CENTER POINT,52213,POINT (-91.774068992 42.18312102),,LINN,1031100,AMERICAN VODKAS,421,SAZERAC COMPANY  INC,37868,FROST TRAIL VODKA,12,750,5.22,7.83,12,93.96,9.00,2.37
INV-64853300010,2023-12-03T00:00:00.000,5801,CASEY'S GENERAL STORE #2647 / CENTER POINT,4397 N CENTER POINT,CENTER POINT,52213,POINT (-91.774068992 42.18312102),,LINN,1031100,AMERICAN VODKAS,301,FIFTH GENERATION INC,38174,TITOS HANDMADE VODKA,12,375,5.42,8.13,12,97.56,4.50,1.18
INV-64853300011,2023-12-03T00:00:00.000,5801,CASEY'S GENERAL STORE #2647 / CENTER POINT,4397 N CENTER POINT,CENTER POINT,52213,POINT (-91.774068992 42.18312102),,LINN,1031100,AMERICAN VODKAS,301,FIFTH GENERATION INC,38176,TITOS HANDMADE VODKA,12,750,10.00,15.00,12,180.00,9.00,2.37
INV-64853300012,2023-12-03T00:00:00.000,5801,CASEY'S GENERAL STORE #2647 / CENTER POINT,4397 N CENTER POINT,CENTER POINT,52213,POINT (-91.774068992 42.18312102),,LINN,1031100,AMERICAN VODKAS,301,FIFTH GENERATION INC,38178,TITOS HANDMADE VODKA,6,1750,19.00,28.50,6,171.00,10.50,2.77
INV-64853300013,2023-12-03T00:00:00.000,5801,CASEY'S GENERAL STORE #2647 / CENTER POINT,4397 N CENTER POINT,CENTER POINT,52213,POINT (-91.774068992 42.18312102),,LINN,1062400,SPICED RUM,260,DIAGEO AMERICAS,43334,CAPTAIN MORGAN ORIGINAL SPICED,24,375,5.24,7.86,24,188.64,9.00,2.37
INV-64853300014,2023-12-03T00:00:00.000,5801,CASEY'S GENERAL STORE #2647 / CENTER POINT,4397 N CENTER POINT,CENTER POINT,52213,POINT (-91.774068992 42.18312102),,LINN,1062400,SPICED RUM,260,DIAGEO AMERICAS,43336,CAPTAIN MORGAN ORIGINAL SPICED,12,750,9.49,14.24,12,170.88,9.00,2.37
INV-64853300015,2023-12-03T00:00:00.000,5801,CASEY'S GENERAL STORE #2647 / CENTER POINT,4397 N CENTER POINT,CENTER POINT,52213,POINT (-91.774068992 42.18312102),,LINN,1071000,COCKTAILS/RTD,395,PROXIMO,58836,JOSE CUERVO AUTHENTIC LIME MARGARITA,12,750,4.62,6.93,12,83.16,9.00,2.37
INV-64853300016,2023-12-03T00:00:00.000,5801,CASEY'S GENERAL STORE #2647 / CENTER POINT,4397 N CENTER POINT,CENTER POINT,52213,POINT (-91.774068992 42.18312102),,LINN,1081600,WHISKEY LIQUEUR,421,SAZERAC COMPANY  INC,64866,FIREBALL CINNAMON WHISKEY,12,750,9.00,13.50,12,162.00,9.00,2.37
INV-64853300017,2023-12-03T00:00:00.000,5801,CASEY'S GENERAL STORE #2647 / CENTER POINT,4397 N CENTER POINT,CENTER POINT,52213,POINT (-91.774068992 42.18312102),,LINN,1081600,WHISKEY LIQUEUR,421,SAZERAC COMPANY  INC,64870,FIREBALL CINNAMON WHISKEY,48,100,1.00,1.50,48,72.00,4.80,1.26
INV-64853300018,2023-12-03T00:00:00.000,5801,CASEY'S GENERAL STORE #2647 / CENTER POINT,4397 N CENTER POINT,CENTER POINT,52213,POINT (-91.774068992 42.18312102),,LINN,1081600,WHISKEY LIQUEUR,421,SAZERAC COMPANY  INC,65013,FIREBALL CINNAMON WHISKEY MINI SLEEVE,12,50,4.30,6.45,12,77.40,0.60,0.15
INV-64853300019,2023-12-03T00:00:00.000,5801,CASEY'S GENERAL STORE #2647 / CENTER POINT,4397 N CENTER POINT,CENTER POINT,52213,POINT (-91.774068992 42.18312102),,LINN,1031200,AMERICAN FLAVORED VODKA,260,DIAGEO AMERICAS,77956,"SMIRNOFF RED, WHITE & BERRY",12,750,8.25,12.38,12,148.56,9.00,2.37
INV-64853400001,2023-12-03T00:00:00.000,5922,CASEY'S GENERAL STORE #3896 / CENTER POINT,696 GRAIN LN,CENTER POINT,52213,POINT (-91.77741597 42.172951005),,LINN,1031100,AMERICAN VODKAS,434,LUXCO INC,36308,HAWKEYE VODKA,6,1750,7.50,11.25,6,67.50,10.50,2.77
INV-64853400002,2023-12-03T00:00:00.000,5922,CASEY'S GENERAL STORE #3896 / CENTER POINT,696 GRAIN LN,CENTER POINT,52213,POINT (-91.77741597 42.172951005),,LINN,1031100,AMERICAN VODKAS,777,"BLUE OX SPIRITS, INC.",36872,BLUE OX VODKA MINI,1,50,42.00,63.00,1,63.00,0.05,0.01
INV-64853400003,2023-12-03T00:00:00.000,5922,CASEY'S GENERAL STORE #3896 / CENTER POINT,696 GRAIN LN,CENTER POINT,52213,POINT (-91.77741597 42.172951005),,LINN,1031100,AMERICAN VODKAS,301,FIFTH GENERATION INC,38174,TITOS HANDMADE VODKA,12,375,5.42,8.13,12,97.56,4.50,1.18
INV-64853400004,2023-12-03T00:00:00.000,5922,CASEY'S GENERAL STORE #3896 / CENTER POINT,696 GRAIN LN,CENTER POINT,52213,POINT (-91.77741597 42.172951005),,LINN,1031100,AMERICAN VODKAS,301,FIFTH GENERATION INC,38178,TITOS HANDMADE VODKA,6,1750,19.00,28.50,6,171.00,10.50,2.77
INV-64853400005,2023-12-03T00:00:00.000,5922,CASEY'S GENERAL STORE #3896 / CENTER POINT,696 GRAIN LN,CENTER POINT,52213,POINT (-91.77741597 42.172951005),,LINN,1071000,COCKTAILS/RTD,908,BUZZBALLZ LLC / SOUTHERN CHAMPION,57578,BUZZBALLZ BIGGIES STRAWBERRY RITA,3,1750,10.00,15.00,3,45.00,5.25,1.38
INV-64853400006,2023-12-03T00:00:00.000,5922,CASEY'S GENERAL STORE #3896 / CENTER POINT,696 GRAIN LN,CENTER POINT,52213,POINT (-91.77741597 42.172951005),,LINN,1081600,WHISKEY LIQUEUR,421,SAZERAC COMPANY  INC,64864,FIREBALL CINNAMON WHISKEY,24,375,5.33,8.00,24,192.00,9.00,2.37
INV-64853400007,2023-12-03T00:00:00.000,5922,CASEY'S GENERAL STORE #3896 / CENTER POINT,696 GRAIN LN,CENTER POINT,52213,POINT (-91.77741597 42.172951005),,LINN,1081600,WHISKEY LIQUEUR,421,SAZERAC COMPANY  INC,65013,FIREBALL CINNAMON WHISKEY MINI SLEEVE,12,50,4.30,6.45,12,77.40,0.60,0.15
INV-64853400008,2023-12-03T00:00:00.000,5922,CASEY'S GENERAL STORE #3896 / CENTER POINT,696 GRAIN LN,CENTER POINT,52213,POINT (-91.77741597 42.172951005),,LINN,1091300,NEUTRAL GRAIN SPIRITS FLAVORED,346,OLE SMOKY DISTILLERY LLC,76413,OLE SMOKY BUTTER PECAN MOONSHINE,6,750,13.00,19.50,6,117.00,4.50,1.18
INV-64853400009,2023-12-03T00:00:00.000,5922,CASEY'S GENERAL STORE #3896 / CENTER POINT,696 GRAIN LN,CENTER POINT,52213,POINT (-91.77741597 42.172951005),,LINN,1011100,BLENDED WHISKIES,065,JIM BEAM BRANDS,78187,TWISTED TEA WHISKEY MINI,12,50,5.00,7.50,12,90.00,0.60,0.15
INV-64853400010,2023-12-03T00:00:00.000,5922,CASEY'S GENERAL STORE #3896 / CENTER POINT,696 GRAIN LN,CENTER POINT,52213,POINT (-91.77741597 42.172951005),,LINN,1701100,TEMPORARY & SPECIALTY PACKAGES,346,OLE SMOKY DISTILLERY LLC,78265,OLE SMOKY SHINE NOG MINI,8,50,8.75,13.13,8,105.04,0.40,0.10
INV-64853400011,2023-12-03T00:00:00.000,5922,CASEY'S GENERAL STORE #3896 / CENTER POINT,696 GRAIN LN,CENTER POINT,52213,POINT (-91.77741597 42.172951005),,LINN,1091300,NEUTRAL GRAIN SPIRITS FLAVORED,346,OLE SMOKY DISTILLERY LLC,80362,OLE SMOKY ORANGE SHINESICLE MOONSHINE,6,750,13.00,19.50,6,117.00,4.50,1.18
INV-64853500001,2023-12-03T00:00:00.000,4346,ROY'S FOODLAND,105 PEARL ST,SHELLSBURG,52332,POINT (-91.868949035 42.094179011),,BENTON,1012100,CANADIAN WHISKIES,259,HEAVEN HILL BRANDS,10550,BLACK VELVET TOASTED CARAMEL,12,750,5.74,8.61,5,43.05,3.75,0.99
INV-64853500002,2023-12-03T00:00:00.000,4346,ROY'S FOODLAND,105 PEARL ST,SHELLSBURG,52332,POINT (-91.868949035 42.094179011),,BENTON,1012100,CANADIAN WHISKIES,260,DIAGEO AMERICAS,10802,CROWN ROYAL PEACH,12,750,17.49,26.24,1,26.24,0.75,0.19
INV-64853500003,2023-12-03T00:00:00.000,4346,ROY'S FOODLAND,105 PEARL ST,SHELLSBURG,52332,POINT (-91.868949035 42.094179011),,BENTON,1012100,CANADIAN WHISKIES,260,DIAGEO AMERICAS,11296,CROWN ROYAL,12,750,17.49,26.24,1,26.24,0.75,0.19
INV-64853500004,2023-12-03T00:00:00.000,4346,ROY'S FOODLAND,105 PEARL ST,SHELLSBURG,52332,POINT (-91.868949035 42.094179011),,BENTON,1012100,CANADIAN WHISKIES,259,HEAVEN HILL BRANDS,11776,BLACK VELVET,12,750,5.50,8.25,2,16.50,1.50,0.39
INV-64853500005,2023-12-03T00:00:00.000,4346,ROY'S FOODLAND,105 PEARL ST,SHELLSBURG,52332,POINT (-91.868949035 42.094179011),,BENTON,1012100,CANADIAN WHISKIES,259,HEAVEN HILL BRANDS,11788,BLACK VELVET,6,1750,11.00,16.50,6,99.00,10.50,2.77
INV-64853500006,2023-12-03T00:00:00.000,4346,ROY'S FOODLAND,105 PEARL ST,SHELLSBURG,52332,POINT (-91.868949035 42.094179011),,BENTON,1012400,IRISH WHISKIES,370,PERNOD RICARD USA,15627,JAMESON,12,1000,20.98,31.47,3,94.41,3.00,0.79
INV-64853500007,2023-12-03T00:00:00.000,4346,ROY'S FOODLAND,105 PEARL ST,SHELLSBURG,52332,POINT (-91.868949035 42.094179011),,BENTON,1011200,STRAIGHT BOURBON WHISKIES,065,JIM BEAM BRANDS,19066,JIM BEAM,12,750,11.00,16.50,4,66.00,3.00,0.79
INV-64853500008,2023-12-03T00:00:00.000,4346,ROY'S FOODLAND,105 PEARL ST,SHELLSBURG,52332,POINT (-91.868949035 42.094179011),,BENTON,1011200,STRAIGHT BOURBON WHISKIES,065,JIM BEAM BRANDS,19067,JIM BEAM,12,1000,13.00,19.50,1,19.50,1.00,0.26
INV-64853500009,2023-12-03T00:00:00.000,4346,ROY'S FOODLAND,105 PEARL ST,SHELLSBURG,52332,POINT (-91.868949035 42.094179011),,BENTON,1011200,STRAIGHT BOURBON WHISKIES,065,JIM BEAM BRANDS,19477,MAKERS MARK,12,1000,22.50,33.75,1,33.75,1.00,0.26
INV-64853500010,2023-12-03T00:00:00.000,4346,ROY'S FOODLAND,105 PEARL ST,SHELLSBURG,52332,POINT (-91.868949035 42.094179011),,BENTON,1011200,STRAIGHT BOURBON WHISKIES,619,CAMPARI AMERICA,22121,WILD TURKEY 81,12,750,12.50,18.75,1,18.75,0.75,0.19
INV-64853500011,2023-12-03T00:00:00.000,4346,ROY'S FOODLAND,105 PEARL ST,SHELLSBURG,52332,POINT (-91.868949035 42.094179011),,BENTON,1011100,BLENDED WHISKIES,260,DIAGEO AMERICAS,25607,SEAGRAMS 7 CROWN,12,1000,8.49,12.74,5,63.70,5.00,1.32
INV-64853500012,2023-12-03T00:00:00.000,4346,ROY'S FOODLAND,105 PEARL ST,SHELLSBURG,52332,POINT (-91.868949035 42.094179011),,BENTON,1011400,TENNESSEE WHISKIES,085,BROWN FORMAN CORP.,26826,JACK DANIELS OLD #7 BLACK LABEL,12,750,15.91,23.87,1,23.87,0.75,0.19
INV-64853500013,2023-12-03T00:00:00.000,4346,ROY'S FOODLAND,105 PEARL ST,SHELLSBURG,52332,POINT (-91.868949035 42.094179011),,BENTON,1011600,STRAIGHT RYE WHISKIES,255,INFINIUM SPIRITS,27102,TEMPLETON RYE 4YR,6,750,15.40,23.10,1,27.14,0.75,0.19
INV-64853500014,2023-12-03T00:00:00.000,4346,ROY'S FOODLAND,105 PEARL ST,SHELLSBURG,52332,POINT (-91.868949035 42.094179011),,BENTON,1011100,BLENDED WHISKIES,065,JIM BEAM BRANDS,27544,RED STAG BLACK CHERRY,12,750,11.00,16.50,4,66.00,3.00,0.79
INV-64853500015,2023-12-03T00:00:00.000,4346,ROY'S FOODLAND,105 PEARL ST,SHELLSBURG,52332,POINT (-91.868949035 42.094179011),,BENTON,1042100,IMPORTED DRY GINS,260,DIAGEO AMERICAS,28867,TANQUERAY GIN,12,1000,15.99,23.99,1,23.99,1.00,0.26
INV-64853500016,2023-12-03T00:00:00.000,4346,ROY'S FOODLAND,105 PEARL ST,SHELLSBURG,52332,POINT (-91.868949035 42.094179011),,BENTON,1041100,AMERICAN DRY GINS,421,SAZERAC COMPANY  INC,29287,BARTON GIN,12,1000,3.92,5.88,2,11.76,2.00,0.52
INV-64853500017,2023-12-03T00:00:00.000,4346,ROY'S FOODLAND,105 PEARL ST,SHELLSBURG,52332,POINT (-91.868949035 42.094179011),,BENTON,1041100,AMERICAN DRY GINS,434,LUXCO INC,31656,PARAMOUNT GIN,12,750,3.75,5.63,1,5.63,0.75,0.19
INV-64853500018,2023-12-03T00:00:00.000,4346,ROY'S FOODLAND,105 PEARL ST,SHELLSBURG,52332,POINT (-91.868949035 42.094179011),,BENTON,1041100,AMERICAN DRY GINS,370,PERNOD RICARD USA,32236,SEAGRAMS EXTRA DRY GIN,12,750,7.99,11.99,1,11.99,0.75,0.19
INV-64853500019,2023-12-03T00:00:00.000,4346,ROY'S FOODLAND,105 PEARL ST,SHELLSBURG,52332,POINT (-91.868949035 42.094179011),,BENTON,1032100,IMPORTED VODKAS,370,PERNOD RICARD USA,34007,ABSOLUT SWEDISH VODKA 80PRF,12,1000,14.99,22.49,2,44.98,2.00,0.52
INV-64853500020,2023-12-03T00:00:00.000,4346,ROY'S FOODLAND,105 PEARL ST,SHELLSBURG,52332,POINT (-91.868949035 42.094179011),,BENTON,1032200,IMPORTED FLAVORED VODKA,370,PERNOD RICARD USA,34029,ABSOLUT CITRON,12,1000,14.99,22.49,1,22.49,1.00,0.26
INV-64853500021,2023-12-03T00:00:00.000,4346,ROY'S FOODLAND,105 PEARL ST,SHELLSBURG,52332,POINT (-91.868949035 42.094179011),,BENTON,1032200,IMPORTED FLAVORED VODKA,277,STOLI GROUP,34786,STOLICHNAYA BLUEBERI,12,750,9.99,14.99,2,29.98,1.50,0.39
INV-64853500022,2023-12-03T00:00:00.000,4346,ROY'S FOODLAND,105 PEARL ST,SHELLSBURG,52332,POINT (-91.868949035 42.094179011),,BENTON,1032200,IMPORTED FLAVORED VODKA,277,STOLI GROUP,34871,STOLICHNAYA RAZBERI,12,1000,15.97,23.96,1,23.96,1.00,0.26
INV-64853500023,2023-12-03T00:00:00.000,4346,ROY'S FOODLAND,105 PEARL ST,SHELLSBURG,52332,POINT (-91.868949035 42.094179011),,BENTON,1031100,AMERICAN VODKAS,421,SAZERAC COMPANY  INC,35317,BARTON VODKA,12,1000,3.97,5.96,12,71.52,12.00,3.17
INV-64853500024,2023-12-03T00:00:00.000,4346,ROY'S FOODLAND,105 PEARL ST,SHELLSBURG,52332,POINT (-91.868949035 42.094179011),,BENTON,1031100,AMERICAN VODKAS,421,SAZERAC COMPANY  INC,35948,FLEISCHMANNS 80PRF VODKA,6,1750,6.50,9.75,1,9.75,1.75,0.46
INV-64853500025,2023-12-03T00:00:00.000,4346,ROY'S FOODLAND,105 PEARL ST,SHELLSBURG,52332,POINT (-91.868949035 42.094179011),,BENTON,1031100,AMERICAN VODKAS,434,LUXCO INC,36305,HAWKEYE VODKA PET,12,750,3.50,5.25,12,63.00,9.00,2.37
INV-64853500026,2023-12-03T00:00:00.000,4346,ROY'S FOODLAND,105 PEARL ST,SHELLSBURG,52332,POINT (-91.868949035 42.094179011),,BENTON,1031100,AMERICAN VODKAS,434,LUXCO INC,36306,HAWKEYE VODKA,12,750,3.50,5.25,1,5.25,0.75,0.19
INV-64853500027,2023-12-03T00:00:00.000,4346,ROY'S FOODLAND,105 PEARL ST,SHELLSBURG,52332,POINT (-91.868949035 42.094179011),,BENTON,1031100,AMERICAN VODKAS,421,SAZERAC COMPANY  INC,37418,POPOV 80PRF,6,1750,8.50,12.75,1,12.75,1.75,0.46
INV-64853500028,2023-12-03T00:00:00.000,4346,ROY'S FOODLAND,105 PEARL ST,SHELLSBURG,52332,POINT (-91.868949035 42.094179011),,BENTON,1031100,AMERICAN VODKAS,301,FIFTH GENERATION INC,38177,TITOS HANDMADE VODKA,12,1000,13.17,19.76,24,474.24,24.00,6.34
INV-64853500029,2023-12-03T00:00:00.000,4346,ROY'S FOODLAND,105 PEARL ST,SHELLSBURG,52332,POINT (-91.868949035 42.094179011),,BENTON,1031100,AMERICAN VODKAS,301,FIFTH GENERATION INC,38178,TITOS HANDMADE VODKA,6,1750,19.00,28.50,6,171.00,10.50,2.77
INV-64853500030,2023-12-03T00:00:00.000,4346,ROY'S FOODLAND,105 PEARL ST,SHELLSBURG,52332,POINT (-91.868949035 42.094179011),,BENTON,1031200,AMERICAN FLAVORED VODKA,380,PHILLIPS BEVERAGE,41694,UV BLUE RASPBERRY,12,1000,7.50,11.25,2,22.50,2.00,0.52
INV-64853500031,2023-12-03T00:00:00.000,4346,ROY'S FOODLAND,105 PEARL ST,SHELLSBURG,52332,POINT (-91.868949035 42.094179011),,BENTON,1031200,AMERICAN FLAVORED VODKA,380,PHILLIPS BEVERAGE,41705,UV RED CHERRY,12,1000,7.50,11.25,2,22.50,2.00,0.52
INV-64853500032,2023-12-03T00:00:00.000,4346,ROY'S FOODLAND,105 PEARL ST,SHELLSBURG,52332,POINT (-91.868949035 42.094179011),,BENTON,1062500,FLAVORED RUM,370,PERNOD RICARD USA,42716,MALIBU COCONUT,12,750,8.99,13.49,1,13.49,0.75,0.19
INV-64853500033,2023-12-03T00:00:00.000,4346,ROY'S FOODLAND,105 PEARL ST,SHELLSBURG,52332,POINT (-91.868949035 42.094179011),,BENTON,1062400,SPICED RUM,259,HEAVEN HILL BRANDS,43026,ADMIRAL NELSON SPICED,12,750,6.50,9.75,12,117.00,9.00,2.37
INV-64853500034,2023-12-03T00:00:00.000,4346,ROY'S FOODLAND,105 PEARL ST,SHELLSBURG,52332,POINT (-91.868949035 42.094179011),,BENTON,1062200,WHITE RUM,035,BACARDI USA INC,43126,BACARDI SUPERIOR,12,750,8.76,13.14,1,13.14,0.75,0.19
INV-64853500035,2023-12-03T00:00:00.000,4346,ROY'S FOODLAND,105 PEARL ST,SHELLSBURG,52332,POINT (-91.868949035 42.094179011),,BENTON,1062500,FLAVORED RUM,035,BACARDI USA INC,43136,BACARDI LIMON,12,750,8.76,13.14,1,13.14,0.75,0.19
INV-64853500036,2023-12-03T00:00:00.000,4346,ROY'S FOODLAND,105 PEARL ST,SHELLSBURG,52332,POINT (-91.868949035 42.094179011),,BENTON,1062400,SPICED RUM,260,DIAGEO AMERICAS,43337,CAPTAIN MORGAN ORIGINAL SPICED,12,1000,12.99,19.49,12,233.88,12.00,3.17
INV-64853500037,2023-12-03T00:00:00.000,4346,ROY'S FOODLAND,105 PEARL ST,SHELLSBURG,52332,POINT (-91.868949035 42.094179011),,BENTON,1062100,GOLD RUM,434,LUXCO INC,45246,PARAMOUNT GOLD RUM,12,750,4.25,6.38,1,6.38,0.75,0.19
INV-64853500038,2023-12-03T00:00:00.000,4346,ROY'S FOODLAND,105 PEARL ST,SHELLSBURG,52332,POINT (-91.868949035 42.094179011),,BENTON,1071000,COCKTAILS/RTD,421,SAZERAC COMPANY  INC,57125,CHI-CHI'S GOLD MARGARITA,6,1750,6.50,9.75,3,29.25,5.25,1.38
INV-64853500039,2023-12-03T00:00:00.000,4346,ROY'S FOODLAND,105 PEARL ST,SHELLSBURG,52332,POINT (-91.868949035 42.094179011),,BENTON,1071000,COCKTAILS/RTD,260,DIAGEO AMERICAS,58801,CAPTAIN MORGAN LONG ISLAND ICED TEA,6,1750,11.00,16.50,2,33.00,3.50,0.92
INV-64853500040,2023-12-03T00:00:00.000,4346,ROY'S FOODLAND,105 PEARL ST,SHELLSBURG,52332,POINT (-91.868949035 42.094179011),,BENTON,1081600,WHISKEY LIQUEUR,421,SAZERAC COMPANY  INC,64870,FIREBALL CINNAMON WHISKEY,48,100,1.00,1.50,48,72.00,4.80,1.26
INV-64853500041,2023-12-03T00:00:00.000,4346,ROY'S FOODLAND,105 PEARL ST,SHELLSBURG,52332,POINT (-91.868949035 42.094179011),,BENTON,1082100,IMPORTED CORDIALS & LIQUEURS,192,"MAST-JAGERMEISTER US, INC",65257,JAGERMEISTER LIQUEUR,12,1000,17.42,26.13,3,78.39,3.00,0.79
INV-64853500042,2023-12-03T00:00:00.000,4346,ROY'S FOODLAND,105 PEARL ST,SHELLSBURG,52332,POINT (-91.868949035 42.094179011),,BENTON,1082100,IMPORTED CORDIALS & LIQUEURS,368,PARK STREET IMPORTS,65543,LICOR 43 CHOCOLATE,6,750,14.50,21.75,2,43.50,1.50,0.39
INV-64853500043,2023-12-03T00:00:00.000,4346,ROY'S FOODLAND,105 PEARL ST,SHELLSBURG,52332,POINT (-91.868949035 42.094179011),,BENTON,1011100,BLENDED WHISKIES,368,PARK STREET IMPORTS,66725,SHANKYS WHIP BLACK SPIRITS,6,750,14.54,21.81,2,43.62,1.50,0.39
INV-64853500044,2023-12-03T00:00:00.000,4346,ROY'S FOODLAND,105 PEARL ST,SHELLSBURG,52332,POINT (-91.868949035 42.094179011),,BENTON,1081600,WHISKEY LIQUEUR,421,SAZERAC COMPANY  INC,67267,YUKON JACK,12,1000,11.75,17.63,2,35.26,2.00,0.52
INV-64853500045,2023-12-03T00:00:00.000,4346,ROY'S FOODLAND,105 PEARL ST,SHELLSBURG,52332,POINT (-91.868949035 42.094179011),,BENTON,1082200,IMPORTED SCHNAPPS,421,SAZERAC COMPANY  INC,69657,DR MCGILLICUDDYS MENTHOLMINT,12,1000,11.00,16.88,2,33.00,2.00,0.52
INV-64853500046,2023-12-03T00:00:00.000,4346,ROY'S FOODLAND,105 PEARL ST,SHELLSBURG,52332,POINT (-91.868949035 42.094179011),,BENTON,1082200,IMPORTED SCHNAPPS,421,SAZERAC COMPANY  INC,69711,DR MCGILLICUDDYS WILD GRAPE,12,750,8.89,13.34,1,12.99,0.75,0.19
INV-64853500047,2023-12-03T00:00:00.000,4346,ROY'S FOODLAND,105 PEARL ST,SHELLSBURG,52332,POINT (-91.868949035 42.094179011),,BENTON,1062200,WHITE RUM,777,"BLUE OX SPIRITS, INC.",72504,BLUE OX SILVER RUM,12,1000,5.28,7.92,1,7.92,1.00,0.26
INV-64853500048,2023-12-03T00:00:00.000,4346,ROY'S FOODLAND,105 PEARL ST,SHELLSBURG,52332,POINT (-91.868949035 42.094179011),,BENTON,1081200,CREAM LIQUEURS,205,E & J GALLO WINERY,73055,RUMCHATA,12,750,14.00,21.00,1,21.00,0.75,0.19
INV-64853500049,2023-12-03T00:00:00.000,4346,ROY'S FOODLAND,105 PEARL ST,SHELLSBURG,52332,POINT (-91.868949035 42.094179011),,BENTON,1031200,AMERICAN FLAVORED VODKA,260,DIAGEO AMERICAS,77683,SMIRNOFF KISSED CARAMEL,12,750,8.25,12.38,2,24.76,1.50,0.39
INV-64853500050,2023-12-03T00:00:00.000,4346,ROY'S FOODLAND,105 PEARL ST,SHELLSBURG,52332,POINT (-91.868949035 42.094179011),,BENTON,1081400,AMERICAN SCHNAPPS,065,JIM BEAM BRANDS,82786,DEKUYPER BUTTERSHOTS,12,750,6.75,10.13,1,10.13,0.75,0.19
INV-64853500051,2023-12-03T00:00:00.000,4346,ROY'S FOODLAND,105 PEARL ST,SHELLSBURG,52332,POINT (-91.868949035 42.094179011),,BENTON,1011400,TENNESSEE WHISKIES,085,BROWN FORMAN CORP.,86692,JACK DANIELS TENNESSEE FIRE,12,750,15.91,23.87,1,23.87,0.75,0.19
INV-64853500052,2023-12-03T00:00:00.000,4346,ROY'S FOODLAND,105 PEARL ST,SHELLSBURG,52332,POINT (-91.868949035 42.094179011),,BENTON,1022100,MIXTO TEQUILA,434,LUXCO INC,87936,JUAREZ SILVER,12,750,8.50,12.75,1,12.00,0.75,0.19
INV-64853500053,2023-12-03T00:00:00.000,4346,ROY'S FOODLAND,105 PEARL ST,SHELLSBURG,52332,POINT (-91.868949035 42.094179011),,BENTON,1022100,MIXTO TEQUILA,434,LUXCO INC,87937,JUAREZ SILVER,12,1000,9.00,13.50,12,153.00,12.00,3.17
INV-64853500054,2023-12-03T00:00:00.000,4346,ROY'S FOODLAND,105 PEARL ST,SHELLSBURG,52332,POINT (-91.868949035 42.094179011),,BENTON,1022100,MIXTO TEQUILA,065,JIM BEAM BRANDS,88556,SAUZA BLANCO SILVER,12,750,10.50,15.75,2,31.50,1.50,0.39
INV-64853500055,2023-12-03T00:00:00.000,4346,ROY'S FOODLAND,105 PEARL ST,SHELLSBURG,52332,POINT (-91.868949035 42.094179011),,BENTON,1022100,MIXTO TEQUILA,395,PROXIMO,89197,JOSE CUERVO ESPECIAL REPOSADO,12,1000,15.00,22.50,1,21.75,1.00,0.26
INV-64853600001,2023-12-03T00:00:00.000,5268,THE DEPOT ATKINS,"188, PARKRIDGE RD",ATKINS,52206,POINT (-91.862706026 41.992304983),,BENTON,1012100,CANADIAN WHISKIES,259,HEAVEN HILL BRANDS,10550,BLACK VELVET TOASTED CARAMEL,12,750,5.74,8.61,2,17.22,1.50,0.39
INV-64853600002,2023-12-03T00:00:00.000,5268,THE DEPOT ATKINS,"188, PARKRIDGE RD",ATKINS,52206,POINT (-91.862706026 41.992304983),,BENTON,1012100,CANADIAN WHISKIES,260,DIAGEO AMERICAS,10803,CROWN ROYAL REGAL APPLE MINI,10,50,9.95,14.93,1,14.93,0.05,0.01
INV-64853600003,2023-12-03T00:00:00.000,5268,THE DEPOT ATKINS,"188, PARKRIDGE RD",ATKINS,52206,POINT (-91.862706026 41.992304983),,BENTON,1012100,CANADIAN WHISKIES,259,HEAVEN HILL BRANDS,11788,BLACK VELVET,6,1750,11.00,16.50,6,99.00,10.50,2.77
INV-64853600004,2023-12-03T00:00:00.000,5268,THE DEPOT ATKINS,"188, PARKRIDGE RD",ATKINS,52206,POINT (-91.862706026 41.992304983),,BENTON,1011200,STRAIGHT BOURBON WHISKIES,125,CEDAR RIDGE VINEYARDS LL,17206,CEDAR RIDGE BOURBON,6,750,18.67,28.01,2,56.02,1.50,0.39
INV-64853600005,2023-12-03T00:00:00.000,5268,THE DEPOT ATKINS,"188, PARKRIDGE RD",ATKINS,52206,POINT (-91.862706026 41.992304983),,BENTON,1011200,STRAIGHT BOURBON WHISKIES,065,JIM BEAM BRANDS,19064,JIM BEAM,24,375,5.60,8.40,24,201.60,9.00,2.37
INV-64853600006,2023-12-03T00:00:00.000,5268,THE DEPOT ATKINS,"188, PARKRIDGE RD",ATKINS,52206,POINT (-91.862706026 41.992304983),,BENTON,1011200,STRAIGHT BOURBON WHISKIES,065,JIM BEAM BRANDS,19066,JIM BEAM,12,750,11.00,16.50,2,33.00,1.50,0.39
INV-64853600007,2023-12-03T00:00:00.000,5268,THE DEPOT ATKINS,"188, PARKRIDGE RD",ATKINS,52206,POINT (-91.862706026 41.992304983),,BENTON,1011200,STRAIGHT BOURBON WHISKIES,065,JIM BEAM BRANDS,19068,JIM BEAM,6,1750,21.50,32.25,6,193.50,10.50,2.77
INV-64853600008,2023-12-03T00:00:00.000,5268,THE DEPOT ATKINS,"188, PARKRIDGE RD",ATKINS,52206,POINT (-91.862706026 41.992304983),,BENTON,1011400,TENNESSEE WHISKIES,085,BROWN FORMAN CORP.,26826,JACK DANIELS OLD #7 BLACK LABEL,12,750,15.91,23.87,3,71.61,2.25,0.59
INV-64853600009,2023-12-03T00:00:00.000,5268,THE DEPOT ATKINS,"188, PARKRIDGE RD",ATKINS,52206,POINT (-91.862706026 41.992304983),,BENTON,1042100,IMPORTED DRY GINS,260,DIAGEO AMERICAS,28866,TANQUERAY GIN,12,750,13.99,20.99,2,41.98,1.50,0.39
INV-64853600010,2023-12-03T00:00:00.000,5268,THE DEPOT ATKINS,"188, PARKRIDGE RD",ATKINS,52206,POINT (-91.862706026 41.992304983),,BENTON,1031100,AMERICAN VODKAS,300,MCCORMICK DISTILLING CO.,36886,MCCORMICK 80PRF VODKA,12,750,3.64,5.46,12,65.52,9.00,2.37
INV-64853600011,2023-12-03T00:00:00.000,5268,THE DEPOT ATKINS,"188, PARKRIDGE RD",ATKINS,52206,POINT (-91.862706026 41.992304983),,BENTON,1031100,AMERICAN VODKAS,260,DIAGEO AMERICAS,37996,SMIRNOFF 80PRF,12,750,8.25,12.38,2,24.76,1.50,0.39
INV-64853600012,2023-12-03T00:00:00.000,5268,THE DEPOT ATKINS,"188, PARKRIDGE RD",ATKINS,52206,POINT (-91.862706026 41.992304983),,BENTON,1031100,AMERICAN VODKAS,301,FIFTH GENERATION INC,38178,TITOS HANDMADE VODKA,6,1750,19.00,28.50,6,171.00,10.50,2.77
INV-64853600013,2023-12-03T00:00:00.000,5268,THE DEPOT ATKINS,"188, PARKRIDGE RD",ATKINS,52206,POINT (-91.862706026 41.992304983),,BENTON,1031200,AMERICAN FLAVORED VODKA,065,JIM BEAM BRANDS,38575,TRULY STRAWBERRY LEMONADE MINI,12,50,4.30,6.45,1,6.45,0.05,0.01
INV-64853600014,2023-12-03T00:00:00.000,5268,THE DEPOT ATKINS,"188, PARKRIDGE RD",ATKINS,52206,POINT (-91.862706026 41.992304983),,BENTON,1062500,FLAVORED RUM,370,PERNOD RICARD USA,42716,MALIBU COCONUT,12,750,8.99,13.49,1,13.49,0.75,0.19
INV-64853600015,2023-12-03T00:00:00.000,5268,THE DEPOT ATKINS,"188, PARKRIDGE RD",ATKINS,52206,POINT (-91.862706026 41.992304983),,BENTON,1062400,SPICED RUM,260,DIAGEO AMERICAS,43331,CAPTAIN MORGAN ORIGINAL SPICED MINI,12,50,4.80,7.20,3,21.60,0.15,0.03
INV-64853600016,2023-12-03T00:00:00.000,5268,THE DEPOT ATKINS,"188, PARKRIDGE RD",ATKINS,52206,POINT (-91.862706026 41.992304983),,BENTON,1062400,SPICED RUM,260,DIAGEO AMERICAS,43334,CAPTAIN MORGAN ORIGINAL SPICED,24,375,5.24,7.86,24,188.64,9.00,2.37
INV-64853600017,2023-12-03T00:00:00.000,5268,THE DEPOT ATKINS,"188, PARKRIDGE RD",ATKINS,52206,POINT (-91.862706026 41.992304983),,BENTON,1062400,SPICED RUM,260,DIAGEO AMERICAS,43336,CAPTAIN MORGAN ORIGINAL SPICED,12,750,9.49,14.24,3,42.72,2.25,0.59
INV-64853600018,2023-12-03T00:00:00.000,5268,THE DEPOT ATKINS,"188, PARKRIDGE RD",ATKINS,52206,POINT (-91.862706026 41.992304983),,BENTON,1081600,WHISKEY LIQUEUR,421,SAZERAC COMPANY  INC,64866,FIREBALL CINNAMON WHISKEY,12,750,9.00,13.50,1,13.50,0.75,0.19
INV-64853600019,2023-12-03T00:00:00.000,5268,THE DEPOT ATKINS,"188, PARKRIDGE RD",ATKINS,52206,POINT (-91.862706026 41.992304983),,BENTON,1081200,CREAM LIQUEURS,260,DIAGEO AMERICAS,68036,BAILEYS ORIGINAL IRISH CREAM,12,750,16.49,24.74,1,24.74,0.75,0.19
INV-64853600020,2023-12-03T00:00:00.000,5268,THE DEPOT ATKINS,"188, PARKRIDGE RD",ATKINS,52206,POINT (-91.862706026 41.992304983),,BENTON,1082200,IMPORTED SCHNAPPS,421,SAZERAC COMPANY  INC,69609,DR MCGILLICUDDYS APPLE PIE MINI,12,50,5.00,7.50,1,7.50,0.05,0.01
INV-64853600021,2023-12-03T00:00:00.000,5268,THE DEPOT ATKINS,"188, PARKRIDGE RD",ATKINS,52206,POINT (-91.862706026 41.992304983),,BENTON,1082200,IMPORTED SCHNAPPS,421,SAZERAC COMPANY  INC,69711,DR MCGILLICUDDYS WILD GRAPE,12,750,8.89,13.34,1,12.99,0.75,0.19
INV-64853600022,2023-12-03T00:00:00.000,5268,THE DEPOT ATKINS,"188, PARKRIDGE RD",ATKINS,52206,POINT (-91.862706026 41.992304983),,BENTON,1091300,NEUTRAL GRAIN SPIRITS FLAVORED,346,OLE SMOKY DISTILLERY LLC,76409,OLE SMOKY SOUR WATERMELON MOONSHINE,6,750,13.00,19.50,1,19.50,0.75,0.19
INV-64853600023,2023-12-03T00:00:00.000,5268,THE DEPOT ATKINS,"188, PARKRIDGE RD",ATKINS,52206,POINT (-91.862706026 41.992304983),,BENTON,1091300,NEUTRAL GRAIN SPIRITS FLAVORED,346,OLE SMOKY DISTILLERY LLC,76414,OLE SMOKY PICKLES MOONSHINE,6,750,13.00,19.50,1,19.50,0.75,0.19
INV-64853600024,2023-12-03T00:00:00.000,5268,THE DEPOT ATKINS,"188, PARKRIDGE RD",ATKINS,52206,POINT (-91.862706026 41.992304983),,BENTON,1031200,AMERICAN FLAVORED VODKA,118,AMERICAN SPIRITS EXCHANGE,76500,THE ORIGINAL PICKLE SHOT DILL PICKLE VODKA MINI,1,50,48.00,72.00,1,72.00,0.05,0.01
INV-64853600025,2023-12-03T00:00:00.000,5268,THE DEPOT ATKINS,"188, PARKRIDGE RD",ATKINS,52206,POINT (-91.862706026 41.992304983),,BENTON,1031200,AMERICAN FLAVORED VODKA,118,AMERICAN SPIRITS EXCHANGE,76501,THE ORIGINAL PICKLE SHOT DILL PICKLE VODKA,12,750,8.34,12.51,1,12.51,0.75,0.19
INV-64853700001,2023-12-03T00:00:00.000,6145,THE DEPOT VAN HORNE,101 1ST AVE,VAN HORNE,52346,POINT (-92.086019959 42.007584019),,BENTON,1012100,CANADIAN WHISKIES,259,HEAVEN HILL BRANDS,10548,BLACK VELVET TOASTED CARAMEL,6,1750,11.00,16.50,6,99.00,10.50,2.77
INV-64853700002,2023-12-03T00:00:00.000,6145,THE DEPOT VAN HORNE,101 1ST AVE,VAN HORNE,52346,POINT (-92.086019959 42.007584019),,BENTON,1012100,CANADIAN WHISKIES,259,HEAVEN HILL BRANDS,10550,BLACK VELVET TOASTED CARAMEL,12,750,5.74,8.61,12,103.32,9.00,2.37
INV-64853700003,2023-12-03T00:00:00.000,6145,THE DEPOT VAN HORNE,101 1ST AVE,VAN HORNE,52346,POINT (-92.086019959 42.007584019),,BENTON,1012100,CANADIAN WHISKIES,260,DIAGEO AMERICAS,10802,CROWN ROYAL PEACH,12,750,17.49,26.24,3,78.72,2.25,0.59
INV-64853700004,2023-12-03T00:00:00.000,6145,THE DEPOT VAN HORNE,101 1ST AVE,VAN HORNE,52346,POINT (-92.086019959 42.007584019),,BENTON,1012100,CANADIAN WHISKIES,260,DIAGEO AMERICAS,10807,CROWN ROYAL REGAL APPLE,12,750,17.49,26.24,2,52.48,1.50,0.39
INV-64853700005,2023-12-03T00:00:00.000,6145,THE DEPOT VAN HORNE,101 1ST AVE,VAN HORNE,52346,POINT (-92.086019959 42.007584019),,BENTON,1012100,CANADIAN WHISKIES,260,DIAGEO AMERICAS,11290,CROWN ROYAL MINI,10,50,9.95,14.93,1,14.93,0.05,0.01
INV-64853700006,2023-12-03T00:00:00.000,6145,THE DEPOT VAN HORNE,101 1ST AVE,VAN HORNE,52346,POINT (-92.086019959 42.007584019),,BENTON,1012100,CANADIAN WHISKIES,260,DIAGEO AMERICAS,11298,CROWN ROYAL,6,1750,33.99,50.99,3,152.97,5.25,1.38
INV-64853700007,2023-12-03T00:00:00.000,6145,THE DEPOT VAN HORNE,101 1ST AVE,VAN HORNE,52346,POINT (-92.086019959 42.007584019),,BENTON,1011100,BLENDED WHISKIES,065,JIM BEAM BRANDS,27544,RED STAG BLACK CHERRY,12,750,11.00,16.50,3,49.50,2.25,0.59
INV-64853700008,2023-12-03T00:00:00.000,6145,THE DEPOT VAN HORNE,101 1ST AVE,VAN HORNE,52346,POINT (-92.086019959 42.007584019),,BENTON,1011200,STRAIGHT BOURBON WHISKIES,065,JIM BEAM BRANDS,28043,JIM BEAM VANILLA,12,750,11.00,16.50,3,49.50,2.25,0.59
INV-64853700009,2023-12-03T00:00:00.000,6145,THE DEPOT VAN HORNE,101 1ST AVE,VAN HORNE,52346,POINT (-92.086019959 42.007584019),,BENTON,1032100,IMPORTED VODKAS,370,PERNOD RICARD USA,34006,ABSOLUT SWEDISH VODKA 80PRF,12,750,9.99,14.99,3,44.97,2.25,0.59
INV-64853700010,2023-12-03T00:00:00.000,6145,THE DEPOT VAN HORNE,101 1ST AVE,VAN HORNE,52346,POINT (-92.086019959 42.007584019),,BENTON,1031100,AMERICAN VODKAS,434,LUXCO INC,36306,HAWKEYE VODKA,12,750,3.50,5.25,12,63.00,9.00,2.37
INV-64853700011,2023-12-03T00:00:00.000,6145,THE DEPOT VAN HORNE,101 1ST AVE,VAN HORNE,52346,POINT (-92.086019959 42.007584019),,BENTON,1031100,AMERICAN VODKAS,301,FIFTH GENERATION INC,38176,TITOS HANDMADE VODKA,12,750,10.00,15.00,12,180.00,9.00,2.37
INV-64853700012,2023-12-03T00:00:00.000,6145,THE DEPOT VAN HORNE,101 1ST AVE,VAN HORNE,52346,POINT (-92.086019959 42.007584019),,BENTON,1062500,FLAVORED RUM,370,PERNOD RICARD USA,46550,MALIBU COCONUT MINI,12,50,9.90,14.85,1,14.85,0.05,0.01
INV-64853700013,2023-12-03T00:00:00.000,6145,THE DEPOT VAN HORNE,101 1ST AVE,VAN HORNE,52346,POINT (-92.086019959 42.007584019),,BENTON,1081600,WHISKEY LIQUEUR,421,SAZERAC COMPANY  INC,64870,FIREBALL CINNAMON WHISKEY,48,100,1.00,1.50,48,72.00,4.80,1.26
INV-64853700014,2023-12-03T00:00:00.000,6145,THE DEPOT VAN HORNE,101 1ST AVE,VAN HORNE,52346,POINT (-92.086019959 42.007584019),,BENTON,1082100,IMPORTED CORDIALS & LIQUEURS,192,"MAST-JAGERMEISTER US, INC",65251,JAGERMEISTER LIQUEUR MINI,5,50,36.84,55.26,1,55.26,0.05,0.01
INV-64853700015,2023-12-03T00:00:00.000,6145,THE DEPOT VAN HORNE,101 1ST AVE,VAN HORNE,52346,POINT (-92.086019959 42.007584019),,BENTON,1082200,IMPORTED SCHNAPPS,260,DIAGEO AMERICAS,69940,RUMPLE MINZE PEPPERMINT SCHNAPPS LIQUEUR MINI,12,50,13.50,20.25,2,40.50,0.10,0.02
